gop-live-notification_server-data-2019-01-07_00000:IP:10.71.12.155    2019-01-07 00:00:38.185|notification_sub_worker|app_id=100071,url=http://49.50.233.25:8080/v2/garena/notify/event/fo4mth,event_id=249255252,request={u'rebate_card_id': 0, 'nonce': '92B53C6F1B5C204E12115C0FF27939', u'txn_id': u'1833725936873328784', u'uid': 247133267, 'timestamp': 1546790438, u'open_id': u'85acac510b6cdbcbeee076edda5de66d', u'point_amount': 10000, u'ip': u'202.129.20.218', u'channel_id': 207070, u'txn_timestamp': 1546790437, u'currency': u'GS', u'channel_name': u'\u0e43\u0e0a\u0e49 Shell \u0e43\u0e19\u0e1a\u0e31\u0e0d\u0e0a\u0e35', u'app_server_id': 0, u'client_type': 0, u'platform': 1, u'app_role_id': 0, u'test': 0, u'txn_type': 2, 'event': 'app_point_balance_change', u'currency_amount': u'150.00'},reply={u'nonce': u'kPY2PDGycEDuC7rY2qgbdQ==', u'timestamp': 1546790438120, u'result': 0},retry=0
gop-live-notification_server-data-2019-01-07_00000:IP:10.71.12.155    2019-01-07 00:00:53.376|notification_sub_worker|app_id=100071,url=http://49.50.233.25:8080/v2/garena/notify/event/fo4mth,event_id=249255395,request={'nonce': '43513CF07FBC3647B8C77C88CF8D5B', u'txn_id': u'17448655476600035542', u'uid': 443588041, 'timestamp': 1546790453, u'open_id': u'c050dd853d27d321a30150b40310bdee', u'point_amount': 15700, u'ip': u'101.51.214.125', u'channel_id': 207034, u'txn_timestamp': 1546790452, u'currency': u'THB', u'channel_name': u'True Money', u'app_server_id': 0, u'client_type': 0, u'platform': 1, u'app_role_id': 0, u'test': 0, u'txn_type': 2, 'event': 'app_point_balance_change', u'currency_amount': u'150.00'},reply={u'nonce': u'CSiaskwqYuvx8ekQQoxKiA==', u'timestamp': 1546790453317, u'result': 0},retry=0
gop-live-notification_server-data-2019-01-07_00000:IP:10.71.12.155    2019-01-07 00:01:42.743|notification_sub_worker|app_id=100071,url=http://49.50.233.25:8080/v2/garena/notify/event/fo4mth,event_id=249255902,request={u'rebate_card_id': 0, 'nonce': '2F62DDC54DD81599A1F54817A935BA', u'txn_id': u'15228111195030133415', u'uid': 146844195, 'timestamp': 1546790502, u'open_id': u'80c40037a2e60c3caf7a1ed96f659d21', u'point_amount': 107000, u'ip': u'58.9.240.52', u'channel_id': 207070, u'txn_timestamp': 1546790502, u'currency': u'GS', u'channel_name': u'\u0e43\u0e0a\u0e49 Shell \u0e43\u0e19\u0e1a\u0e31\u0e0d\u0e0a\u0e35', u'app_server_id': 0, u'client_type': 0, u'platform': 1, u'app_role_id': 0, u'test': 0, u'txn_type': 2, 'event': 'app_point_balance_change', u'currency_amount': u'1500.00'},reply={u'nonce': u'+LZVo2dbKHcgqDUsw4Xqdw==', u'timestamp': 1546790502683, u'result': 0},retry=0
gop-live-notification_server-data-2019-01-07_00000:IP:10.71.12.155    2019-01-07 00:02:02.042|notification_sub_worker|app_id=100071,url=http://49.50.233.25:8080/v2/garena/notify/event/fo4mth,event_id=249256098,request={u'rebate_card_id': 0, 'nonce': 'A8090AADB04E7C856B6E6059645075', u'txn_id': u'13630404489686740286', u'uid': 146844195, 'timestamp': 1546790521, u'open_id': u'80c40037a2e60c3caf7a1ed96f659d21', u'point_amount': 31500, u'ip': u'58.9.240.52', u'channel_id': 207070, u'txn_timestamp': 1546790520, u'currency': u'GS', u'channel_name': u'\u0e43\u0e0a\u0e49 Shell \u0e43\u0e19\u0e1a\u0e31\u0e0d\u0e0a\u0e35', u'app_server_id': 0, u'client_type': 0, u'platform': 1, u'app_role_id': 0, u'test': 0, u'txn_type': 2, 'event': 'app_point_balance_change', u'currency_amount': u'450.00'},reply={u'nonce': u'eBoIkloLJ2qFNJ8EFFc5wA==', u'timestamp': 1546790521971, u'result': 0},retry=0
gop-live-notification_server-data-2019-01-07_00000:IP:10.71.12.155    2019-01-07 00:02:31.309|notification_sub_worker|app_id=100071,url=http://49.50.233.25:8080/v2/garena/notify/event/fo4mth,event_id=249256404,request={'nonce': 'D9AD0E48B935CF27E9EBAC6DF26504', u'txn_id': u'5988587677224349017', u'uid': 136176808, 'timestamp': 1546790551, u'open_id': u'0e86759c0ae01b2a2d2d740eb5cf17fe', u'point_amount': 107000, u'ip': u'110.168.53.41', u'channel_id': 207000, u'txn_timestamp': 1546790551, u'currency': u'GS', u'channel_name': u'\u0e1a\u0e31\u0e15\u0e23\u0e40\u0e15\u0e34\u0e21\u0e40\u0e07\u0e34\u0e19 Garena (\u0e17\u0e35\u0e48 7-11)', u'app_server_id': 0, u'client_type': 0, u'platform': 1, u'app_role_id': 0, u'test': 0, u'txn_type': 2, 'event': 'app_point_balance_change', u'currency_amount': u'1500.00'},reply={u'nonce': u'sTQYlFiQ7CnUCbA+f1K3Qw==', u'timestamp': 1546790551251, u'result': 0},retry=0
gop-live-notification_server-data-2019-01-07_00000:IP:10.71.12.155    2019-01-07 00:03:09.625|notification_sub_worker|app_id=100071,url=http://49.50.233.25:8080/v2/garena/notify/event/fo4mth,event_id=249256801,request={'nonce': '9C852B676EE392D2F9A7CABAC79E93', u'txn_id': u'807307646173639358', u'uid': 136176808, 'timestamp': 1546790589, u'open_id': u'0e86759c0ae01b2a2d2d740eb5cf17fe', u'point_amount': 107000, u'ip': u'110.168.53.41', u'channel_id': 207000, u'txn_timestamp': 1546790589, u'currency': u'GS', u'channel_name': u'\u0e1a\u0e31\u0e15\u0e23\u0e40\u0e15\u0e34\u0e21\u0e40\u0e07\u0e34\u0e19 Garena (\u0e17\u0e35\u0e48 7-11)', u'app_server_id': 0, u'client_type': 0, u'platform': 1, u'app_role_id': 0, u'test': 0, u'txn_type': 2, 'event': 'app_point_balance_change', u'currency_amount': u'1500.00'},reply={u'nonce': u'1BuMJtwsFSfq+F9rDYNSeA==', u'timestamp': 1546790589565, u'result': 0},retry=0
gop-live-notification_server-data-2019-01-07_00000:IP:10.71.12.155    2019-01-07 00:04:14.066|notification_sub_worker|app_id=100071,url=http://49.50.233.25:8080/v2/garena/notify/event/fo4mth,event_id=249257434,request={u'rebate_card_id': 0, 'nonce': '4807E65EC89D8D35A5ED8012170FA7', u'txn_id': u'15898143835765504295', u'uid': 112446882, 'timestamp': 1546790653, u'open_id': u'8078ce9878e319da614decfda30cdb73', u'point_amount': 15700, u'ip': u'184.22.251.132', u'channel_id': 207070, u'txn_timestamp': 1546790653, u'currency': u'GS', u'channel_name': u'\u0e43\u0e0a\u0e49 Shell \u0e43\u0e19\u0e1a\u0e31\u0e0d\u0e0a\u0e35', u'app_server_id': 0, u'client_type': 0, u'platform': 1, u'app_role_id': 0, u'test': 0, u'txn_type': 2, 'event': 'app_point_balance_change', u'currency_amount': u'225.00'},reply={u'nonce': u'S2QHUtFMVcBmlSs1nj3D6g==', u'timestamp': 1546790654006, u'result': 0},retry=0
gop-live-notification_server-data-2019-01-07_00000:IP:10.71.12.155    2019-01-07 00:08:31.493|notification_sub_worker|app_id=100071,url=http://49.50.233.25:8080/v2/garena/notify/event/fo4mth,event_id=249260016,request={u'rebate_card_id': 0, 'nonce': 'B0D6A431303EDAE7163470E0AB6C28', u'txn_id': u'17519654260572043766', u'uid': 193463709, 'timestamp': 1546790911, u'open_id': u'97f049b8e4ae93b1b4a01864b5facb53', u'point_amount': 10000, u'ip': u'183.89.160.107', u'channel_id': 207074, u'txn_timestamp': 1546790910, u'currency': u'THB', u'channel_name': u'AirPay - \u0e42\u0e1a\u0e19\u0e31\u0e2a 10% \u0e41\u0e25\u0e30 \u0e04\u0e37\u0e19\u0e40\u0e07\u0e34\u0e19\u0e1c\u0e48\u0e32\u0e19\u0e41\u0e2d\u0e1b\u0e2f 5%', u'app_server_id': 0, u'client_type': 0, u'platform': 1, u'app_role_id': 0, u'test': 0, u'txn_type': 2, 'event': 'app_point_balance_change', u'currency_amount': u'100.00'},reply={u'nonce': u'SKHQ/YJg2VbApAiYhyYcgg==', u'timestamp': 1546790911433, u'result': 0},retry=0
gop-live-notification_server-data-2019-01-07_00000:IP:10.71.12.155    2019-01-07 00:10:09.100|notification_sub_worker|app_id=100071,url=http://49.50.233.25:8080/v2/garena/notify/event/fo4mth,event_id=249261001,request={u'rebate_card_id': 0, 'nonce': '061B71C338132891D9B45D7884877F', u'txn_id': u'15134331537374455362', u'uid': 445964263, 'timestamp': 1546791008, u'open_id': u'2d07d0fb96a363cf0660aba9b4ba031d', u'point_amount': 8900, u'ip': u'1.1.203.5', u'channel_id': 201069, u'txn_timestamp': 1546791008, u'currency': u'THB', u'channel_name': u'Google Play', u'app_server_id': 0, u'client_type': 0, u'platform': 1, u'app_role_id': 0, u'test': 0, u'txn_type': 1, 'event': 'app_point_balance_change', u'currency_amount': u'99.00'},reply={u'nonce': u'mOjNVWIJ0d1zJWqUz8WGAw==', u'timestamp': 1546791009041, u'result': 0},retry=0
gop-live-notification_server-data-2019-01-07_00000:IP:10.71.12.155    2019-01-07 00:10:37.377|notification_sub_worker|app_id=100071,url=http://49.50.233.25:8080/v2/garena/notify/event/fo4mth,event_id=249261287,request={u'rebate_card_id': 0, 'nonce': '5CA75127FC7B1FC3E02AB994DDCF44', u'txn_id': u'18015626215625412913', u'uid': 445964263, 'timestamp': 1546791037, u'open_id': u'2d07d0fb96a363cf0660aba9b4ba031d', u'point_amount': 8900, u'ip': u'1.1.203.5', u'channel_id': 201069, u'txn_timestamp': 1546791037, u'currency': u'THB', u'channel_name': u'Google Play', u'app_server_id': 0, u'client_type': 0, u'platform': 1, u'app_role_id': 0, u'test': 0, u'txn_type': 1, 'event': 'app_point_balance_change', u'currency_amount': u'99.00'},reply={u'nonce': u'yC8HN9Dve4axVlNuNkUQ+A==', u'timestamp': 1546791037304, u'result': 0},retry=0
gop-live-notification_server-data-2019-01-07_00000:IP:10.71.12.155    2019-01-07 00:11:02.630|notification_sub_worker|app_id=100071,url=http://49.50.233.25:8080/v2/garena/notify/event/fo4mth,event_id=249261527,request={u'rebate_card_id': 0, 'nonce': 'E2B06DC7EFB3776DBD9373EF6D99A8', u'txn_id': u'13998386537199403305', u'uid': 415443797, 'timestamp': 1546791062, u'open_id': u'99c97e92b34f256b9e97e7cc2da72947', u'point_amount': 15700, u'ip': u'184.22.251.26', u'channel_id': 207074, u'txn_timestamp': 1546791062, u'currency': u'THB', u'channel_name': u'AirPay - \u0e42\u0e1a\u0e19\u0e31\u0e2a 10% \u0e41\u0e25\u0e30 \u0e04\u0e37\u0e19\u0e40\u0e07\u0e34\u0e19\u0e1c\u0e48\u0e32\u0e19\u0e41\u0e2d\u0e1b\u0e2f 5%', u'app_server_id': 0, u'client_type': 0, u'platform': 1, u'app_role_id': 0, u'test': 0, u'txn_type': 2, 'event': 'app_point_balance_change', u'currency_amount': u'150.00'},reply={u'nonce': u'xvlFjLOH7Je2PnPSJwghlw==', u'timestamp': 1546791062569, u'result': 0},retry=0
gop-live-notification_server-data-2019-01-07_00000:IP:10.71.12.155    2019-01-07 00:11:43.956|notification_sub_worker|app_id=100071,url=http://49.50.233.25:8080/v2/garena/notify/event/fo4mth,event_id=249261939,request={u'rebate_card_id': 0, 'nonce': 'A7FD22079890DE88BFDAE28EBC9893', u'txn_id': u'8077995798749090680', u'uid': 111678970, 'timestamp': 1546791103, u'open_id': u'ed1044f08f11b6d0f7f65d9e81ccacbe', u'point_amount': 5000, u'ip': u'223.24.171.11', u'channel_id': 207070, u'txn_timestamp': 1546791103, u'currency': u'GS', u'channel_name': u'\u0e43\u0e0a\u0e49 Shell \u0e43\u0e19\u0e1a\u0e31\u0e0d\u0e0a\u0e35', u'app_server_id': 0, u'client_type': 0, u'platform': 1, u'app_role_id': 0, u'test': 0, u'txn_type': 2, 'event': 'app_point_balance_change', u'currency_amount': u'75.00'},reply={u'nonce': u'IwpO7f3QEJZD1nEwC3CQWg==', u'timestamp': 1546791103897, u'result': 0},retry=0
gop-live-notification_server-data-2019-01-07_00000:IP:10.71.12.155    2019-01-07 00:13:08.506|notification_sub_worker|app_id=100071,url=http://49.50.233.25:8080/v2/garena/notify/event/fo4mth,event_id=249262782,request={u'rebate_card_id': 0, 'nonce': 'F2B2778E7A892E726401D0922D5F6F', u'txn_id': u'13096641553655833346', u'uid': 446040433, 'timestamp': 1546791188, u'open_id': u'195b7f781f2d465b1a33b4f48a71c4e5', u'point_amount': 2900, u'ip': u'171.101.162.101', u'channel_id': 201069, u'txn_timestamp': 1546791188, u'currency': u'THB', u'channel_name': u'Google Play', u'app_server_id': 0, u'client_type': 0, u'platform': 1, u'app_role_id': 0, u'test': 0, u'txn_type': 1, 'event': 'app_point_balance_change', u'currency_amount': u'35.00'},reply={u'nonce': u'1g3hvBM/0o1MWtKX7/FI/g==', u'timestamp': 1546791188447, u'result': 0},retry=0
gop-live-notification_server-data-2019-01-07_00000:IP:10.71.12.155    2019-01-07 00:14:45.114|notification_sub_worker|app_id=100071,url=http://49.50.233.25:8080/v2/garena/notify/event/fo4mth,event_id=249263700,request={u'rebate_card_id': 0, 'nonce': '6B47B99BF85FF2E6E918BDBEB985B7', u'txn_id': u'103539895817767234', u'uid': 247133267, 'timestamp': 1546791284, u'open_id': u'85acac510b6cdbcbeee076edda5de66d', u'point_amount': 10000, u'ip': u'202.129.20.218', u'channel_id': 207070, u'txn_timestamp': 1546791284, u'currency': u'GS', u'channel_name': u'\u0e43\u0e0a\u0e49 Shell \u0e43\u0e19\u0e1a\u0e31\u0e0d\u0e0a\u0e35', u'app_server_id': 0, u'client_type': 0, u'platform': 1, u'app_role_id': 0, u'test': 0, u'txn_type': 2, 'event': 'app_point_balance_change', u'currency_amount': u'150.00'},reply={u'nonce': u'UuUBf80AFDT6y+bit/uTQA==', u'timestamp': 1546791285053, u'result': 0},retry=0
gop-live-notification_server-data-2019-01-07_00000:IP:10.71.12.155    2019-01-07 00:14:59.307|notification_sub_worker|app_id=100071,url=http://49.50.233.25:8080/v2/garena/notify/event/fo4mth,event_id=249263856,request={'nonce': '203A5495E97F9B00912AF2E5F7CF21', u'txn_id': u'2250081006727910630', u'uid': 262631622, 'timestamp': 1546791299, u'open_id': u'9b76ea6aa02321a02c8faf8b303a7347', u'point_amount': 15700, u'ip': u'110.168.60.51', u'channel_id': 207000, u'txn_timestamp': 1546791298, u'currency': u'GS', u'channel_name': u'\u0e1a\u0e31\u0e15\u0e23\u0e40\u0e15\u0e34\u0e21\u0e40\u0e07\u0e34\u0e19 Garena (\u0e17\u0e35\u0e48 7-11)', u'app_server_id': 0, u'client_type': 0, u'platform': 1, u'app_role_id': 0, u'test': 0, u'txn_type': 2, 'event': 'app_point_balance_change', u'currency_amount': u'225.00'},reply={u'nonce': u'Pro6/IvYzMIo8U9L0entdA==', u'timestamp': 1546791299248, u'result': 0},retry=0
gop-live-notification_server-data-2019-01-07_00000:IP:10.71.12.155    2019-01-07 00:15:42.643|notification_sub_worker|app_id=100071,url=http://49.50.233.25:8080/v2/garena/notify/event/fo4mth,event_id=249264259,request={u'rebate_card_id': 0, 'nonce': '283CC5D179BAA225778AFE5CB80FBE', u'txn_id': u'1603933412466415073', u'uid': 81562707, 'timestamp': 1546791342, u'open_id': u'2a8ae215ad47bc026337cf0c637e60c2', u'point_amount': 15700, u'ip': u'124.121.235.200', u'channel_id': 207070, u'txn_timestamp': 1546791342, u'currency': u'GS', u'channel_name': u'\u0e43\u0e0a\u0e49 Shell \u0e43\u0e19\u0e1a\u0e31\u0e0d\u0e0a\u0e35', u'app_server_id': 0, u'client_type': 0, u'platform': 1, u'app_role_id': 0, u'test': 0, u'txn_type': 2, 'event': 'app_point_balance_change', u'currency_amount': u'225.00'},reply={u'nonce': u'WwGKgNQ2L9l5A39U83EqIQ==', u'timestamp': 1546791342584, u'result': 0},retry=0
gop-live-notification_server-data-2019-01-07_00000:IP:10.71.12.155    2019-01-07 00:16:15.930|notification_sub_worker|app_id=100071,url=http://49.50.233.25:8080/v2/garena/notify/event/fo4mth,event_id=249264592,request={'nonce': 'D569407B9365D701787D8ADC7C081D', u'txn_id': u'7337600691415526108', u'uid': 269742976, 'timestamp': 1546791375, u'open_id': u'65fcfa69bf9ef9eba51e8afdb766bf34', u'point_amount': 107000, u'ip': u'182.232.164.65', u'channel_id': 207034, u'txn_timestamp': 1546791375, u'currency': u'THB', u'channel_name': u'True Money', u'app_server_id': 0, u'client_type': 0, u'platform': 1, u'app_role_id': 0, u'test': 0, u'txn_type': 2, 'event': 'app_point_balance_change', u'currency_amount': u'1000.00'},reply={u'nonce': u'KdY8UCeJySaIwl5bcD6FgQ==', u'timestamp': 1546791375869, u'result': 0},retry=0
gop-live-notification_server-data-2019-01-07_00000:IP:10.71.12.155    2019-01-07 00:16:54.255|notification_sub_worker|app_id=100071,url=http://49.50.233.25:8080/v2/garena/notify/event/fo4mth,event_id=249264988,request={u'rebate_card_id': 0, 'nonce': 'ECA534E514DD57639D2B5B4B99B7D3', u'txn_id': u'10118410800807943219', u'uid': 121847700, 'timestamp': 1546791414, u'open_id': u'135e1383fd0efe6f97ad2bdb21a6da91', u'point_amount': 8900, u'ip': u'223.24.172.157', u'channel_id': 201069, u'txn_timestamp': 1546791413, u'currency': u'THB', u'channel_name': u'Google Play', u'app_server_id': 0, u'client_type': 0, u'platform': 1, u'app_role_id': 0, u'test': 0, u'txn_type': 1, 'event': 'app_point_balance_change', u'currency_amount': u'99.00'},reply={u'nonce': u'fXyM9A6TQpFN3nUixbnfHg==', u'timestamp': 1546791414192, u'result': 0},retry=0
gop-live-notification_server-data-2019-01-07_00000:IP:10.71.12.155    2019-01-07 00:17:04.429|notification_sub_worker|app_id=100071,url=http://49.50.233.25:8080/v2/garena/notify/event/fo4mth,event_id=249265094,request={u'rebate_card_id': 0, 'nonce': 'BCC04B1F385E2D154961D5B556C012', u'txn_id': u'12757497719446524383', u'uid': 143966428, 'timestamp': 1546791424, u'open_id': u'f685b1a49753416d7ab13146af33dbe8', u'point_amount': 15700, u'ip': u'1.47.71.219', u'channel_id': 207070, u'txn_timestamp': 1546791424, u'currency': u'GS', u'channel_name': u'\u0e43\u0e0a\u0e49 Shell \u0e43\u0e19\u0e1a\u0e31\u0e0d\u0e0a\u0e35', u'app_server_id': 0, u'client_type': 0, u'platform': 1, u'app_role_id': 0, u'test': 0, u'txn_type': 2, 'event': 'app_point_balance_change', u'currency_amount': u'225.00'},reply={u'nonce': u'Q+37QTEd4bKy+nH30sRsYw==', u'timestamp': 1546791424368, u'result': 0},retry=0
gop-live-notification_server-data-2019-01-07_00000:IP:10.71.12.155    2019-01-07 00:17:12.588|notification_sub_worker|app_id=100071,url=http://49.50.233.25:8080/v2/garena/notify/event/fo4mth,event_id=249265166,request={u'rebate_card_id': 0, 'nonce': '9672A7C32D088CBAE1BE370A3A3208', u'txn_id': u'4163157277842067866', u'uid': 121847700, 'timestamp': 1546791432, u'open_id': u'135e1383fd0efe6f97ad2bdb21a6da91', u'point_amount': 8900, u'ip': u'223.24.172.157', u'channel_id': 201069, u'txn_timestamp': 1546791432, u'currency': u'THB', u'channel_name': u'Google Play', u'app_server_id': 0, u'client_type': 0, u'platform': 1, u'app_role_id': 0, u'test': 0, u'txn_type': 1, 'event': 'app_point_balance_change', u'currency_amount': u'99.00'},reply={u'nonce': u'XbfBFnrtC5wnlU79tvQXlA==', u'timestamp': 1546791432529, u'result': 0},retry=0
gop-live-notification_server-data-2019-01-07_00000:IP:10.71.12.155    2019-01-07 00:17:17.732|notification_sub_worker|app_id=100071,url=http://49.50.233.25:8080/v2/garena/notify/event/fo4mth,event_id=249265219,request={u'rebate_card_id': 0, 'nonce': 'FA77223F387120DCAC8C98BF9A48C8', u'txn_id': u'3548512251526674412', u'uid': 143966428, 'timestamp': 1546791437, u'open_id': u'f685b1a49753416d7ab13146af33dbe8', u'point_amount': 5000, u'ip': u'1.47.71.219', u'channel_id': 207070, u'txn_timestamp': 1546791437, u'currency': u'GS', u'channel_name': u'\u0e43\u0e0a\u0e49 Shell \u0e43\u0e19\u0e1a\u0e31\u0e0d\u0e0a\u0e35', u'app_server_id': 0, u'client_type': 0, u'platform': 1, u'app_role_id': 0, u'test': 0, u'txn_type': 2, 'event': 'app_point_balance_change', u'currency_amount': u'75.00'},reply={u'nonce': u'RxK2C9q/WgPUxDo+zJyduw==', u'timestamp': 1546791437671, u'result': 0},retry=0
gop-live-notification_server-data-2019-01-07_00000:IP:10.71.12.155    2019-01-07 00:17:44.993|notification_sub_worker|app_id=100071,url=http://49.50.233.25:8080/v2/garena/notify/event/fo4mth,event_id=249265450,request={u'rebate_card_id': 0, 'nonce': '5000E6868D7CD3FA06D648D21A288C', u'txn_id': u'16028150007423173926', u'uid': 256149160, 'timestamp': 1546791464, u'open_id': u'b25c03d06235c003c451d7681caaad22', u'point_amount': 8900, u'ip': u'180.180.170.81', u'channel_id': 201069, u'txn_timestamp': 1546791464, u'currency': u'THB', u'channel_name': u'Google Play', u'app_server_id': 0, u'client_type': 0, u'platform': 1, u'app_role_id': 0, u'test': 0, u'txn_type': 1, 'event': 'app_point_balance_change', u'currency_amount': u'99.00'},reply={u'nonce': u'F7Rj4BUH4xOt4fQtDOMtMA==', u'timestamp': 1546791464931, u'result': 0},retry=0
gop-live-notification_server-data-2019-01-07_00000:IP:10.71.12.155    2019-01-07 00:18:09.237|notification_sub_worker|app_id=100071,url=http://49.50.233.25:8080/v2/garena/notify/event/fo4mth,event_id=249265663,request={u'rebate_card_id': 0, 'nonce': 'C2A499A9B7E0CFA70D632CAFEC17CE', u'txn_id': u'14174213421881882212', u'uid': 256149160, 'timestamp': 1546791489, u'open_id': u'b25c03d06235c003c451d7681caaad22', u'point_amount': 5900, u'ip': u'180.180.170.81', u'channel_id': 201069, u'txn_timestamp': 1546791488, u'currency': u'THB', u'channel_name': u'Google Play', u'app_server_id': 0, u'client_type': 0, u'platform': 1, u'app_role_id': 0, u'test': 0, u'txn_type': 1, 'event': 'app_point_balance_change', u'currency_amount': u'69.00'},reply={u'nonce': u'kJKDGm7hoLkqPolEhuz9bg==', u'timestamp': 1546791489176, u'result': 0},retry=0
gop-live-notification_server-data-2019-01-07_00000:IP:10.71.12.155    2019-01-07 00:18:39.504|notification_sub_worker|app_id=100071,url=http://49.50.233.25:8080/v2/garena/notify/event/fo4mth,event_id=249265971,request={u'rebate_card_id': 0, 'nonce': '34DADA5ED83388C717E9BE10EA1BAB', u'txn_id': u'17140470230932584796', u'uid': 256149160, 'timestamp': 1546791519, u'open_id': u'b25c03d06235c003c451d7681caaad22', u'point_amount': 2900, u'ip': u'180.180.170.81', u'channel_id': 201069, u'txn_timestamp': 1546791518, u'currency': u'THB', u'channel_name': u'Google Play', u'app_server_id': 0, u'client_type': 0, u'platform': 1, u'app_role_id': 0, u'test': 0, u'txn_type': 1, 'event': 'app_point_balance_change', u'currency_amount': u'35.00'},reply={u'nonce': u'j3Ri9PwsEKWoPIyVGM2gXQ==', u'timestamp': 1546791519445, u'result': 0},retry=0
gop-live-notification_server-data-2019-01-07_00000:IP:10.71.12.155    2019-01-07 00:18:55.749|notification_sub_worker|app_id=100071,url=http://49.50.233.25:8080/v2/garena/notify/event/fo4mth,event_id=249266130,request={u'rebate_card_id': 0, 'nonce': '783F7BEFC6378EF003FB103B8E4DBB', u'txn_id': u'13970370952886098934', u'uid': 125830994, 'timestamp': 1546791535, u'open_id': u'ef3da41bf9798d10da7719e3a19a5a2d', u'point_amount': 26900, u'ip': u'1.46.174.81', u'channel_id': 201069, u'txn_timestamp': 1546791534, u'currency': u'THB', u'channel_name': u'Google Play', u'app_server_id': 0, u'client_type': 0, u'platform': 1, u'app_role_id': 0, u'test': 0, u'txn_type': 1, 'event': 'app_point_balance_change', u'currency_amount': u'319.00'},reply={u'nonce': u'ZBeKc7rxIzblXj1NgGI5kg==', u'timestamp': 1546791535691, u'result': 0},retry=0
gop-live-notification_server-data-2019-01-07_00000:IP:10.71.12.155    2019-01-07 00:19:17.987|notification_sub_worker|app_id=100071,url=http://49.50.233.25:8080/v2/garena/notify/event/fo4mth,event_id=249266384,request={u'rebate_card_id': 0, 'nonce': '34BD2C0AC8471AAF833C397375531B', u'txn_id': u'1894255906634894773', u'uid': 125830994, 'timestamp': 1546791557, u'open_id': u'ef3da41bf9798d10da7719e3a19a5a2d', u'point_amount': 5900, u'ip': u'1.46.174.81', u'channel_id': 201069, u'txn_timestamp': 1546791557, u'currency': u'THB', u'channel_name': u'Google Play', u'app_server_id': 0, u'client_type': 0, u'platform': 1, u'app_role_id': 0, u'test': 0, u'txn_type': 1, 'event': 'app_point_balance_change', u'currency_amount': u'69.00'},reply={u'nonce': u'wBO48iH7y/SMZwEe5YA82Q==', u'timestamp': 1546791557925, u'result': 0},retry=0
gop-live-notification_server-data-2019-01-07_00000:IP:10.71.12.155    2019-01-07 00:21:43.925|notification_sub_worker|app_id=100071,url=http://49.50.233.25:8080/v2/garena/notify/event/fo4mth,event_id=249267840,request={'nonce': 'E2243E50A0C0137CBD4B7BBA98CAF3', u'txn_id': u'1231929559171559184', u'uid': 443793030, 'timestamp': 1546791703, u'open_id': u'54ac222c39edec05a15c60dcff0814e7', u'point_amount': 5000, u'ip': u'1.47.135.72', u'channel_id': 207034, u'txn_timestamp': 1546791703, u'currency': u'THB', u'channel_name': u'True Money', u'app_server_id': 0, u'client_type': 0, u'platform': 1, u'app_role_id': 0, u'test': 0, u'txn_type': 2, 'event': 'app_point_balance_change', u'currency_amount': u'50.00'},reply={u'nonce': u'tcoq7t4+6OwGmk9hvOhnww==', u'timestamp': 1546791703866, u'result': 0},retry=0
gop-live-notification_server-data-2019-01-07_00000:IP:10.71.12.155    2019-01-07 00:25:19.140|notification_sub_worker|app_id=100071,url=http://49.50.233.25:8080/v2/garena/notify/event/fo4mth,event_id=249269824,request={u'rebate_card_id': 0, 'nonce': '7FDC05E3D5C7B294D1396135CB3D96', u'txn_id': u'16090272596594764710', u'uid': 435118335, 'timestamp': 1546791919, u'open_id': u'03f7201e6668eed4d12c0a76decc96b5', u'point_amount': 26900, u'ip': u'125.24.181.57', u'channel_id': 201068, u'txn_timestamp': 1546791918, u'currency': u'THB', u'channel_name': u'Apple Store', u'app_server_id': 0, u'client_type': 0, u'platform': 1, u'app_role_id': 0, u'test': 0, u'txn_type': 1, 'event': 'app_point_balance_change', u'currency_amount': u'319.00'},reply={u'nonce': u'Ca2qAvLfi2fahxw/qWv0Sg==', u'timestamp': 1546791919072, u'result': 0},retry=0
gop-live-notification_server-data-2019-01-07_00000:IP:10.71.12.155    2019-01-07 00:25:23.288|notification_sub_worker|app_id=100071,url=http://49.50.233.25:8080/v2/garena/notify/event/fo4mth,event_id=249269874,request={u'rebate_card_id': 0, 'nonce': 'A3EBE6FD3B7D28B29854D7C2CF73D0', u'txn_id': u'4387743047213986997', u'uid': 230689978, 'timestamp': 1546791923, u'open_id': u'24da81079c97fd8614674b052d87fa61', u'point_amount': 5000, u'ip': u'49.229.137.117', u'channel_id': 207070, u'txn_timestamp': 1546791923, u'currency': u'GS', u'channel_name': u'\u0e43\u0e0a\u0e49 Shell \u0e43\u0e19\u0e1a\u0e31\u0e0d\u0e0a\u0e35', u'app_server_id': 0, u'client_type': 0, u'platform': 1, u'app_role_id': 0, u'test': 0, u'txn_type': 2, 'event': 'app_point_balance_change', u'currency_amount': u'75.00'},reply={u'nonce': u'H+S+QEKaDz2jlwU7UQq4Pw==', u'timestamp': 1546791923224, u'result': 0},retry=0
gop-live-notification_server-data-2019-01-07_00000:IP:10.71.12.155    2019-01-07 00:25:31.445|notification_sub_worker|app_id=100071,url=http://49.50.233.25:8080/v2/garena/notify/event/fo4mth,event_id=249269943,request={u'rebate_card_id': 0, 'nonce': '6674D4BEDC8C2A1673CCFF9F16C249', u'txn_id': u'1033591841240079601', u'uid': 360710986, 'timestamp': 1546791931, u'open_id': u'fc24b59e8863d6ff7f3b3f54f80405d8', u'point_amount': 15700, u'ip': u'223.24.190.7', u'channel_id': 207070, u'txn_timestamp': 1546791931, u'currency': u'GS', u'channel_name': u'\u0e43\u0e0a\u0e49 Shell \u0e43\u0e19\u0e1a\u0e31\u0e0d\u0e0a\u0e35', u'app_server_id': 0, u'client_type': 0, u'platform': 1, u'app_role_id': 0, u'test': 0, u'txn_type': 2, 'event': 'app_point_balance_change', u'currency_amount': u'225.00'},reply={u'nonce': u'KXLB3V8rOP8fd/pMXuYkcw==', u'timestamp': 1546791931386, u'result': 0},retry=0
gop-live-notification_server-data-2019-01-07_00000:IP:10.71.12.155    2019-01-07 00:26:39.921|notification_sub_worker|app_id=100071,url=http://49.50.233.25:8080/v2/garena/notify/event/fo4mth,event_id=249270629,request={u'rebate_card_id': 0, 'nonce': '9AC2E16ACE49042A23618E196D566F', u'txn_id': u'5218363041639842878', u'uid': 438658010, 'timestamp': 1546791999, u'open_id': u'c461438c5fe6d57c063a9570d11ecc31', u'point_amount': 15700, u'ip': u'1.20.113.154', u'channel_id': 207070, u'txn_timestamp': 1546791999, u'currency': u'GS', u'channel_name': u'\u0e43\u0e0a\u0e49 Shell \u0e43\u0e19\u0e1a\u0e31\u0e0d\u0e0a\u0e35', u'app_server_id': 0, u'client_type': 0, u'platform': 1, u'app_role_id': 0, u'test': 0, u'txn_type': 2, 'event': 'app_point_balance_change', u'currency_amount': u'225.00'},reply={u'nonce': u'EWq5hT9WX+IH/9Omj39Fpg==', u'timestamp': 1546791999857, u'result': 0},retry=0
gop-live-notification_server-data-2019-01-07_00000:IP:10.71.12.155    2019-01-07 00:28:27.581|notification_sub_worker|app_id=100071,url=http://49.50.233.25:8080/v2/garena/notify/event/fo4mth,event_id=249271621,request={'nonce': '500C019E778F788C68E19FD77A488C', u'txn_id': u'17285048128837990426', u'uid': 67419452, 'timestamp': 1546792107, u'open_id': u'573998a4788a9af2cff44ee259ed0ee9', u'point_amount': 9000, u'ip': u'58.10.145.161', u'channel_id': 207000, u'txn_timestamp': 1546792106, u'currency': u'GS', u'channel_name': u'\u0e1a\u0e31\u0e15\u0e23\u0e40\u0e15\u0e34\u0e21\u0e40\u0e07\u0e34\u0e19 Garena (\u0e17\u0e35\u0e48 7-11)', u'app_server_id': 0, u'client_type': 0, u'platform': 1, u'app_role_id': 0, u'test': 0, u'txn_type': 2, 'event': 'app_point_balance_change', u'currency_amount': u'135.00'},reply={u'nonce': u'NKobvPrYgSDs1a6xY6VA1A==', u'timestamp': 1546792107523, u'result': 0},retry=0
gop-live-notification_server-data-2019-01-07_00000:IP:10.71.12.155    2019-01-07 00:31:00.482|notification_sub_worker|app_id=100071,url=http://49.50.233.25:8080/v2/garena/notify/event/fo4mth,event_id=249273042,request={u'rebate_card_id': 0, 'nonce': 'E0029CDDD065FE310B4DFF9294860C', u'txn_id': u'12979136356247959090', u'uid': 431000623, 'timestamp': 1546792260, u'open_id': u'ae622d9589a18053b6afe39b783ff1a1', u'point_amount': 15700, u'ip': u'101.109.43.57', u'channel_id': 207070, u'txn_timestamp': 1546792260, u'currency': u'GS', u'channel_name': u'\u0e43\u0e0a\u0e49 Shell \u0e43\u0e19\u0e1a\u0e31\u0e0d\u0e0a\u0e35', u'app_server_id': 0, u'client_type': 0, u'platform': 1, u'app_role_id': 0, u'test': 0, u'txn_type': 2, 'event': 'app_point_balance_change', u'currency_amount': u'225.00'},reply={u'nonce': u'2qBgFu8UfULJh2tMow6Elw==', u'timestamp': 1546792260418, u'result': 0},retry=0
gop-live-notification_server-data-2019-01-07_00000:IP:10.71.12.155    2019-01-07 00:33:39.413|notification_sub_worker|app_id=100071,url=http://49.50.233.25:8080/v2/garena/notify/event/fo4mth,event_id=249274528,request={u'rebate_card_id': 0, 'nonce': 'D361012E1B9B9DED0C65C228CFABDD', u'txn_id': u'1766220233064098468', u'uid': 118321777, 'timestamp': 1546792419, u'open_id': u'83242896e123bf7bb5ce5a4ad74d181b', u'point_amount': 107000, u'ip': u'182.232.233.71', u'channel_id': 207074, u'txn_timestamp': 1546792418, u'currency': u'THB', u'channel_name': u'AirPay - \u0e42\u0e1a\u0e19\u0e31\u0e2a 10% \u0e41\u0e25\u0e30 \u0e04\u0e37\u0e19\u0e40\u0e07\u0e34\u0e19\u0e1c\u0e48\u0e32\u0e19\u0e41\u0e2d\u0e1b\u0e2f 5%', u'app_server_id': 0, u'client_type': 0, u'platform': 1, u'app_role_id': 0, u'test': 0, u'txn_type': 2, 'event': 'app_point_balance_change', u'currency_amount': u'1000.00'},reply={u'nonce': u'27qZWb0I+xhviyswl26M7g==', u'timestamp': 1546792419353, u'result': 0},retry=0
gop-live-notification_server-data-2019-01-07_00000:IP:10.71.12.155    2019-01-07 00:34:59.955|notification_sub_worker|app_id=100071,url=http://49.50.233.25:8080/v2/garena/notify/event/fo4mth,event_id=249275246,request={'nonce': '3898724D6891D0E820590E71624925', u'txn_id': u'9885787236409298074', u'uid': 313672228, 'timestamp': 1546792499, u'open_id': u'c77a982d65137431c23f47366a8ff209', u'point_amount': 5000, u'ip': u'58.11.156.206', u'channel_id': 207034, u'txn_timestamp': 1546792499, u'currency': u'THB', u'channel_name': u'True Money', u'app_server_id': 0, u'client_type': 0, u'platform': 1, u'app_role_id': 0, u'test': 0, u'txn_type': 2, 'event': 'app_point_balance_change', u'currency_amount': u'50.00'},reply={u'nonce': u'molJonEoPZdVmo4jt5LX6A==', u'timestamp': 1546792499892, u'result': 0},retry=0
gop-live-notification_server-data-2019-01-07_00000:IP:10.71.12.155    2019-01-07 00:35:31.231|notification_sub_worker|app_id=100071,url=http://49.50.233.25:8080/v2/garena/notify/event/fo4mth,event_id=249275523,request={u'rebate_card_id': 0, 'nonce': '8EE8AD2E166321D82388A7631360E3', u'txn_id': u'7193160919451329694', u'uid': 313672228, 'timestamp': 1546792531, u'open_id': u'c77a982d65137431c23f47366a8ff209', u'point_amount': 15700, u'ip': u'58.11.156.206', u'channel_id': 207074, u'txn_timestamp': 1546792531, u'currency': u'THB', u'channel_name': u'AirPay - \u0e42\u0e1a\u0e19\u0e31\u0e2a 10% \u0e41\u0e25\u0e30 \u0e04\u0e37\u0e19\u0e40\u0e07\u0e34\u0e19\u0e1c\u0e48\u0e32\u0e19\u0e41\u0e2d\u0e1b\u0e2f 5%', u'app_server_id': 0, u'client_type': 0, u'platform': 1, u'app_role_id': 0, u'test': 0, u'txn_type': 2, 'event': 'app_point_balance_change', u'currency_amount': u'150.00'},reply={u'nonce': u'YWg90XDhR4y1+hX8JYKJIQ==', u'timestamp': 1546792531174, u'result': 0},retry=0
gop-live-notification_server-data-2019-01-07_00000:IP:10.71.12.155    2019-01-07 00:36:21.607|notification_sub_worker|app_id=100071,url=http://49.50.233.25:8080/v2/garena/notify/event/fo4mth,event_id=249275935,request={u'rebate_card_id': 0, 'nonce': 'FA28041FA6D914D1496750B11BC146', u'txn_id': u'205368292361160054', u'uid': 184246366, 'timestamp': 1546792581, u'open_id': u'cf278285395d711f4b17794b18347b62', u'point_amount': 8900, u'ip': u'124.122.16.64', u'channel_id': 201068, u'txn_timestamp': 1546792580, u'currency': u'THB', u'channel_name': u'Apple Store', u'app_server_id': 0, u'client_type': 0, u'platform': 1, u'app_role_id': 0, u'test': 0, u'txn_type': 1, 'event': 'app_point_balance_change', u'currency_amount': u'99.00'},reply={u'nonce': u'iR7t5xFwluKs+uxBaZZ8gQ==', u'timestamp': 1546792581546, u'result': 0},retry=0
gop-live-notification_server-data-2019-01-07_00000:IP:10.71.12.155    2019-01-07 00:36:35.791|notification_sub_worker|app_id=100071,url=http://49.50.233.25:8080/v2/garena/notify/event/fo4mth,event_id=249276076,request={u'rebate_card_id': 0, 'nonce': '9349A9433CE807DE45B0DEC2EF599C', u'txn_id': u'16997075557079183261', u'uid': 184246366, 'timestamp': 1546792595, u'open_id': u'cf278285395d711f4b17794b18347b62', u'point_amount': 8900, u'ip': u'124.122.16.64', u'channel_id': 201068, u'txn_timestamp': 1546792594, u'currency': u'THB', u'channel_name': u'Apple Store', u'app_server_id': 0, u'client_type': 0, u'platform': 1, u'app_role_id': 0, u'test': 0, u'txn_type': 1, 'event': 'app_point_balance_change', u'currency_amount': u'99.00'},reply={u'nonce': u'dRR6wLYm8ZAefAmtZXlBSg==', u'timestamp': 1546792595734, u'result': 0},retry=0
gop-live-notification_server-data-2019-01-07_00000:IP:10.71.12.155    2019-01-07 00:37:17.119|notification_sub_worker|app_id=100071,url=http://49.50.233.25:8080/v2/garena/notify/event/fo4mth,event_id=249276493,request={u'rebate_card_id': 0, 'nonce': '4F9A7F509C35D36473AD7108CDB386', u'txn_id': u'14045208829010725161', u'uid': 437499448, 'timestamp': 1546792637, u'open_id': u'455f9ba581a446a516d011829ed12c9a', u'point_amount': 2900, u'ip': u'114.109.15.77', u'channel_id': 201069, u'txn_timestamp': 1546792636, u'currency': u'THB', u'channel_name': u'Google Play', u'app_server_id': 0, u'client_type': 0, u'platform': 1, u'app_role_id': 0, u'test': 0, u'txn_type': 1, 'event': 'app_point_balance_change', u'currency_amount': u'35.00'},reply={u'nonce': u'SfN1vJGAoLOmsGOgj1+pCA==', u'timestamp': 1546792637060, u'result': 0},retry=0
gop-live-notification_server-data-2019-01-07_00000:IP:10.71.12.155    2019-01-07 00:37:20.254|notification_sub_worker|app_id=100071,url=http://49.50.233.25:8080/v2/garena/notify/event/fo4mth,event_id=249276517,request={u'rebate_card_id': 0, 'nonce': '2A34646D7327B0CE1FBBD1E48D3169', u'txn_id': u'17087445642036604897', u'uid': 2535320, 'timestamp': 1546792640, u'open_id': u'16f15e774941b2e1361806235eafb37c', u'point_amount': 5900, u'ip': u'183.89.159.144', u'channel_id': 201069, u'txn_timestamp': 1546792639, u'currency': u'THB', u'channel_name': u'Google Play', u'app_server_id': 0, u'client_type': 0, u'platform': 1, u'app_role_id': 0, u'test': 0, u'txn_type': 1, 'event': 'app_point_balance_change', u'currency_amount': u'69.00'},reply={u'nonce': u'jFDIgJr65ZGhIra4A2dxEA==', u'timestamp': 1546792640192, u'result': 0},retry=0
gop-live-notification_server-data-2019-01-07_00000:IP:10.71.12.155    2019-01-07 00:38:14.644|notification_sub_worker|app_id=100071,url=http://49.50.233.25:8080/v2/garena/notify/event/fo4mth,event_id=249277064,request={u'rebate_card_id': 0, 'nonce': 'B8A9831E719F0B37F8E672ABA19A78', u'txn_id': u'15046126006397110182', u'uid': 304871148, 'timestamp': 1546792694, u'open_id': u'255b391f626cfc550e16b5c254284757', u'point_amount': 2900, u'ip': u'49.229.76.185', u'channel_id': 201069, u'txn_timestamp': 1546792693, u'currency': u'THB', u'channel_name': u'Google Play', u'app_server_id': 0, u'client_type': 0, u'platform': 1, u'app_role_id': 0, u'test': 0, u'txn_type': 1, 'event': 'app_point_balance_change', u'currency_amount': u'35.00'},reply={u'nonce': u'xw8bgZz+JuF4DDk/8l/dMg==', u'timestamp': 1546792694584, u'result': 0},retry=0
gop-live-notification_server-data-2019-01-07_00000:IP:10.71.12.155    2019-01-07 00:38:30.848|notification_sub_worker|app_id=100071,url=http://49.50.233.25:8080/v2/garena/notify/event/fo4mth,event_id=249277242,request={u'rebate_card_id': 0, 'nonce': 'F2A0B3B2BB9D8AFC3010EC7F5AD05B', u'txn_id': u'13359437165210632765', u'uid': 2535320, 'timestamp': 1546792710, u'open_id': u'16f15e774941b2e1361806235eafb37c', u'point_amount': 8900, u'ip': u'183.89.159.144', u'channel_id': 201069, u'txn_timestamp': 1546792710, u'currency': u'THB', u'channel_name': u'Google Play', u'app_server_id': 0, u'client_type': 0, u'platform': 1, u'app_role_id': 0, u'test': 0, u'txn_type': 1, 'event': 'app_point_balance_change', u'currency_amount': u'99.00'},reply={u'nonce': u'HI97pF1K5IKFkySrB+fm4w==', u'timestamp': 1546792710787, u'result': 0},retry=0
gop-live-notification_server-data-2019-01-07_00000:IP:10.71.12.155    2019-01-07 00:39:09.166|notification_sub_worker|app_id=100071,url=http://49.50.233.25:8080/v2/garena/notify/event/fo4mth,event_id=249277622,request={u'rebate_card_id': 0, 'nonce': '47BABC27DDB99266EBFF2DE93F58D9', u'txn_id': u'15123142578433567706', u'uid': 2535320, 'timestamp': 1546792749, u'open_id': u'16f15e774941b2e1361806235eafb37c', u'point_amount': 2900, u'ip': u'183.89.159.144', u'channel_id': 201069, u'txn_timestamp': 1546792748, u'currency': u'THB', u'channel_name': u'Google Play', u'app_server_id': 0, u'client_type': 0, u'platform': 1, u'app_role_id': 0, u'test': 0, u'txn_type': 1, 'event': 'app_point_balance_change', u'currency_amount': u'35.00'},reply={u'nonce': u'YhFYz4Jcqn6F62+sX95Bjg==', u'timestamp': 1546792749103, u'result': 0},retry=0
gop-live-notification_server-data-2019-01-07_00000:IP:10.71.12.155    2019-01-07 00:40:05.566|notification_sub_worker|app_id=100071,url=http://49.50.233.25:8080/v2/garena/notify/event/fo4mth,event_id=249278134,request={u'rebate_card_id': 0, 'nonce': '9D4F5D98346E5128CB9060F862D30D', u'txn_id': u'5633698727978266878', u'uid': 431000623, 'timestamp': 1546792805, u'open_id': u'ae622d9589a18053b6afe39b783ff1a1', u'point_amount': 5000, u'ip': u'101.109.43.57', u'channel_id': 207070, u'txn_timestamp': 1546792804, u'currency': u'GS', u'channel_name': u'\u0e43\u0e0a\u0e49 Shell \u0e43\u0e19\u0e1a\u0e31\u0e0d\u0e0a\u0e35', u'app_server_id': 0, u'client_type': 0, u'platform': 1, u'app_role_id': 0, u'test': 0, u'txn_type': 2, 'event': 'app_point_balance_change', u'currency_amount': u'75.00'},reply={u'nonce': u'bWgnnQgVByLuNamVVFBIMw==', u'timestamp': 1546792805506, u'result': 0},retry=0
gop-live-notification_server-data-2019-01-07_00000:IP:10.71.12.155    2019-01-07 00:41:02.983|notification_sub_worker|app_id=100071,url=http://49.50.233.25:8080/v2/garena/notify/event/fo4mth,event_id=249278667,request={u'rebate_card_id': 0, 'nonce': '808CA23C439D86F4714921F0EF6B12', u'txn_id': u'5269984928525311787', u'uid': 444288069, 'timestamp': 1546792862, u'open_id': u'2c87fcb474453cde9c044dc672fa9496', u'point_amount': 8900, u'ip': u'184.22.49.84', u'channel_id': 201069, u'txn_timestamp': 1546792862, u'currency': u'THB', u'channel_name': u'Google Play', u'app_server_id': 0, u'client_type': 0, u'platform': 1, u'app_role_id': 0, u'test': 0, u'txn_type': 1, 'event': 'app_point_balance_change', u'currency_amount': u'99.00'},reply={u'nonce': u'/72Wblc6MYx9EGZtRdZyiw==', u'timestamp': 1546792862924, u'result': 0},retry=0
gop-live-notification_server-data-2019-01-07_00000:IP:10.71.12.155    2019-01-07 00:41:36.263|notification_sub_worker|app_id=100071,url=http://49.50.233.25:8080/v2/garena/notify/event/fo4mth,event_id=249278950,request={u'rebate_card_id': 0, 'nonce': 'C311E4A6648C351CE5B003215817AC', u'txn_id': u'11462027108315981330', u'uid': 444288069, 'timestamp': 1546792896, u'open_id': u'2c87fcb474453cde9c044dc672fa9496', u'point_amount': 2900, u'ip': u'184.22.49.84', u'channel_id': 201069, u'txn_timestamp': 1546792896, u'currency': u'THB', u'channel_name': u'Google Play', u'app_server_id': 0, u'client_type': 0, u'platform': 1, u'app_role_id': 0, u'test': 0, u'txn_type': 1, 'event': 'app_point_balance_change', u'currency_amount': u'35.00'},reply={u'nonce': u'XfjTu92itoRhcfwXCumctg==', u'timestamp': 1546792896206, u'result': 0},retry=0
gop-live-notification_server-data-2019-01-07_00000:IP:10.71.12.155    2019-01-07 00:41:56.483|notification_sub_worker|app_id=100071,url=http://49.50.233.25:8080/v2/garena/notify/event/fo4mth,event_id=249279118,request={u'rebate_card_id': 0, 'nonce': '2751CF3F193530DD242249FF757079', u'txn_id': u'16775647141167784283', u'uid': 444288069, 'timestamp': 1546792916, u'open_id': u'2c87fcb474453cde9c044dc672fa9496', u'point_amount': 5900, u'ip': u'184.22.49.84', u'channel_id': 201069, u'txn_timestamp': 1546792915, u'currency': u'THB', u'channel_name': u'Google Play', u'app_server_id': 0, u'client_type': 0, u'platform': 1, u'app_role_id': 0, u'test': 0, u'txn_type': 1, 'event': 'app_point_balance_change', u'currency_amount': u'69.00'},reply={u'nonce': u'XSS7KaZKQyNk4XgTXcBq3A==', u'timestamp': 1546792916423, u'result': 0},retry=0
gop-live-notification_server-data-2019-01-07_00000:IP:10.71.12.155    2019-01-07 00:44:58.519|notification_sub_worker|app_id=100071,url=http://49.50.233.25:8080/v2/garena/notify/event/fo4mth,event_id=249280748,request={u'rebate_card_id': 0, 'nonce': '683E858DE73597E8B3B47EF8D7F085', u'txn_id': u'10339156612053747328', u'uid': 429384001, 'timestamp': 1546793098, u'open_id': u'1a5a588bb3ef733a60d1c7a1b0cf8fee', u'point_amount': 15700, u'ip': u'223.24.170.157', u'channel_id': 207070, u'txn_timestamp': 1546793098, u'currency': u'GS', u'channel_name': u'\u0e43\u0e0a\u0e49 Shell \u0e43\u0e19\u0e1a\u0e31\u0e0d\u0e0a\u0e35', u'app_server_id': 0, u'client_type': 0, u'platform': 1, u'app_role_id': 0, u'test': 0, u'txn_type': 2, 'event': 'app_point_balance_change', u'currency_amount': u'225.00'},reply={u'nonce': u'qQVcOdOYpu2oJVV5OR0olg==', u'timestamp': 1546793098458, u'result': 0},retry=0
gop-live-notification_server-data-2019-01-07_00000:IP:10.71.12.155    2019-01-07 00:45:16.730|notification_sub_worker|app_id=100071,url=http://49.50.233.25:8080/v2/garena/notify/event/fo4mth,event_id=249280904,request={u'rebate_card_id': 0, 'nonce': '8F7019C81347D51BEADE91E3F38832', u'txn_id': u'18052702635437917560', u'uid': 429384001, 'timestamp': 1546793116, u'open_id': u'1a5a588bb3ef733a60d1c7a1b0cf8fee', u'point_amount': 5000, u'ip': u'223.24.170.157', u'channel_id': 207070, u'txn_timestamp': 1546793115, u'currency': u'GS', u'channel_name': u'\u0e43\u0e0a\u0e49 Shell \u0e43\u0e19\u0e1a\u0e31\u0e0d\u0e0a\u0e35', u'app_server_id': 0, u'client_type': 0, u'platform': 1, u'app_role_id': 0, u'test': 0, u'txn_type': 2, 'event': 'app_point_balance_change', u'currency_amount': u'75.00'},reply={u'nonce': u'+BQZnwqP53weH9o1Pq48xw==', u'timestamp': 1546793116670, u'result': 0},retry=0
gop-live-notification_server-data-2019-01-07_00000:IP:10.71.12.155    2019-01-07 00:45:50.025|notification_sub_worker|app_id=100071,url=http://49.50.233.25:8080/v2/garena/notify/event/fo4mth,event_id=249281162,request={'nonce': 'B0DA874A8AB3A61E22F9E5F0E9BF81', u'txn_id': u'7820530981840384709', u'uid': 216172518, 'timestamp': 1546793149, u'open_id': u'78e498a368eb12bb06340b4e7d91c9e8', u'point_amount': 5000, u'ip': u'1.46.79.123', u'channel_id': 207034, u'txn_timestamp': 1546793149, u'currency': u'THB', u'channel_name': u'True Money', u'app_server_id': 0, u'client_type': 0, u'platform': 1, u'app_role_id': 0, u'test': 0, u'txn_type': 2, 'event': 'app_point_balance_change', u'currency_amount': u'50.00'},reply={u'nonce': u'VEemNstWCKb0RHr066orkw==', u'timestamp': 1546793149965, u'result': 0},retry=0
gop-live-notification_server-data-2019-01-07_00000:IP:10.71.12.155    2019-01-07 00:45:57.179|notification_sub_worker|app_id=100071,url=http://49.50.233.25:8080/v2/garena/notify/event/fo4mth,event_id=249281231,request={u'rebate_card_id': 0, 'nonce': 'F3181FA14788EF54A51A5B3A6034BA', u'txn_id': u'7043957697472914501', u'uid': 95767655, 'timestamp': 1546793157, u'open_id': u'b17d575a5f7de091f292d58c37929c09', u'point_amount': 31500, u'ip': u'184.22.239.66', u'channel_id': 207074, u'txn_timestamp': 1546793156, u'currency': u'THB', u'channel_name': u'AirPay - \u0e42\u0e1a\u0e19\u0e31\u0e2a 10% \u0e41\u0e25\u0e30 \u0e04\u0e37\u0e19\u0e40\u0e07\u0e34\u0e19\u0e1c\u0e48\u0e32\u0e19\u0e41\u0e2d\u0e1b\u0e2f 5%', u'app_server_id': 0, u'client_type': 0, u'platform': 1, u'app_role_id': 0, u'test': 0, u'txn_type': 2, 'event': 'app_point_balance_change', u'currency_amount': u'300.00'},reply={u'nonce': u'vwLM0NNvzSsc4SAk1oAFng==', u'timestamp': 1546793157121, u'result': 0},retry=0
gop-live-notification_server-data-2019-01-07_00000:IP:10.71.12.155    2019-01-07 00:46:46.550|notification_sub_worker|app_id=100071,url=http://49.50.233.25:8080/v2/garena/notify/event/fo4mth,event_id=249281694,request={'nonce': '6029EC5A728EDCB243970F3A26ECAB', u'txn_id': u'8085704462562024711', u'uid': 216172518, 'timestamp': 1546793206, u'open_id': u'78e498a368eb12bb06340b4e7d91c9e8', u'point_amount': 5000, u'ip': u'1.46.79.123', u'channel_id': 207034, u'txn_timestamp': 1546793206, u'currency': u'THB', u'channel_name': u'True Money', u'app_server_id': 0, u'client_type': 0, u'platform': 1, u'app_role_id': 0, u'test': 0, u'txn_type': 2, 'event': 'app_point_balance_change', u'currency_amount': u'50.00'},reply={u'nonce': u'7DJFlgnw53i7GY0yqTUQBQ==', u'timestamp': 1546793206490, u'result': 0},retry=0
gop-live-notification_server-data-2019-01-07_00000:IP:10.71.12.155    2019-01-07 00:47:45.971|notification_sub_worker|app_id=100071,url=http://49.50.233.25:8080/v2/garena/notify/event/fo4mth,event_id=249282227,request={u'rebate_card_id': 0, 'nonce': 'A1E5011CDFAEE83401B3126E21F41F', u'txn_id': u'14502669797613804090', u'uid': 85746408, 'timestamp': 1546793265, u'open_id': u'a2b3a9544f0d020d2aad664d84003a62', u'point_amount': 15700, u'ip': u'171.98.29.64', u'channel_id': 207074, u'txn_timestamp': 1546793264, u'currency': u'THB', u'channel_name': u'AirPay - \u0e42\u0e1a\u0e19\u0e31\u0e2a 10% \u0e41\u0e25\u0e30 \u0e04\u0e37\u0e19\u0e40\u0e07\u0e34\u0e19\u0e1c\u0e48\u0e32\u0e19\u0e41\u0e2d\u0e1b\u0e2f 5%', u'app_server_id': 0, u'client_type': 0, u'platform': 1, u'app_role_id': 0, u'test': 0, u'txn_type': 2, 'event': 'app_point_balance_change', u'currency_amount': u'150.00'},reply={u'nonce': u'ieETTHuRlwAzL7LILDv+Ng==', u'timestamp': 1546793265912, u'result': 0},retry=0
gop-live-notification_server-data-2019-01-07_00000:IP:10.71.12.155    2019-01-07 00:48:32.335|notification_sub_worker|app_id=100071,url=http://49.50.233.25:8080/v2/garena/notify/event/fo4mth,event_id=249282653,request={u'rebate_card_id': 0, 'nonce': '7A3A26562DD7C496AA6FEF26370C1D', u'txn_id': u'5470431762322992417', u'uid': 439463292, 'timestamp': 1546793312, u'open_id': u'2d2aee7e2f4901276a7aa9bdb9a7a885', u'point_amount': 10000, u'ip': u'171.6.234.233', u'channel_id': 207070, u'txn_timestamp': 1546793311, u'currency': u'GS', u'channel_name': u'\u0e43\u0e0a\u0e49 Shell \u0e43\u0e19\u0e1a\u0e31\u0e0d\u0e0a\u0e35', u'app_server_id': 0, u'client_type': 0, u'platform': 1, u'app_role_id': 0, u'test': 0, u'txn_type': 2, 'event': 'app_point_balance_change', u'currency_amount': u'150.00'},reply={u'nonce': u'snYN0T71FHwUwx9yJFhIvw==', u'timestamp': 1546793312274, u'result': 0},retry=0
gop-live-notification_server-data-2019-01-07_00000:IP:10.71.12.155    2019-01-07 00:48:41.496|notification_sub_worker|app_id=100071,url=http://49.50.233.25:8080/v2/garena/notify/event/fo4mth,event_id=249282729,request={u'rebate_card_id': 0, 'nonce': '40C5130DCAB70D9F6F060149958FE9', u'txn_id': u'5110536285291788588', u'uid': 439463292, 'timestamp': 1546793321, u'open_id': u'2d2aee7e2f4901276a7aa9bdb9a7a885', u'point_amount': 10000, u'ip': u'171.6.234.233', u'channel_id': 207070, u'txn_timestamp': 1546793321, u'currency': u'GS', u'channel_name': u'\u0e43\u0e0a\u0e49 Shell \u0e43\u0e19\u0e1a\u0e31\u0e0d\u0e0a\u0e35', u'app_server_id': 0, u'client_type': 0, u'platform': 1, u'app_role_id': 0, u'test': 0, u'txn_type': 2, 'event': 'app_point_balance_change', u'currency_amount': u'150.00'},reply={u'nonce': u'BtIwT/1/NWDNL+K93Q1Pmg==', u'timestamp': 1546793321440, u'result': 0},retry=0
gop-live-notification_server-data-2019-01-07_00000:IP:10.71.12.155    2019-01-07 00:50:04.027|notification_sub_worker|app_id=100071,url=http://49.50.233.25:8080/v2/garena/notify/event/fo4mth,event_id=249283413,request={'nonce': 'B088943366C55BEDEC903E9947B549', u'txn_id': u'7538509582056628522', u'uid': 438726287, 'timestamp': 1546793403, u'open_id': u'6c3ebf0f62930d5f39f626cd5b36cbd6', u'point_amount': 31500, u'ip': u'223.24.185.203', u'channel_id': 207000, u'txn_timestamp': 1546793403, u'currency': u'GS', u'channel_name': u'\u0e1a\u0e31\u0e15\u0e23\u0e40\u0e15\u0e34\u0e21\u0e40\u0e07\u0e34\u0e19 Garena (\u0e17\u0e35\u0e48 7-11)', u'app_server_id': 0, u'client_type': 0, u'platform': 1, u'app_role_id': 0, u'test': 0, u'txn_type': 2, 'event': 'app_point_balance_change', u'currency_amount': u'450.00'},reply={u'nonce': u'cS4LklzKL4EcnP4DXsNsOw==', u'timestamp': 1546793403970, u'result': 0},retry=0
gop-live-notification_server-data-2019-01-07_00000:IP:10.71.12.155    2019-01-07 00:50:17.209|notification_sub_worker|app_id=100071,url=http://49.50.233.25:8080/v2/garena/notify/event/fo4mth,event_id=249283543,request={u'rebate_card_id': 0, 'nonce': '5769719A133F517457F24888822234', u'txn_id': u'14979185641621768291', u'uid': 248391139, 'timestamp': 1546793417, u'open_id': u'8861348a4171dba0d72479e12d971092', u'point_amount': 15700, u'ip': u'183.89.146.179', u'channel_id': 207074, u'txn_timestamp': 1546793416, u'currency': u'THB', u'channel_name': u'AirPay - \u0e42\u0e1a\u0e19\u0e31\u0e2a 10% \u0e41\u0e25\u0e30 \u0e04\u0e37\u0e19\u0e40\u0e07\u0e34\u0e19\u0e1c\u0e48\u0e32\u0e19\u0e41\u0e2d\u0e1b\u0e2f 5%', u'app_server_id': 0, u'client_type': 0, u'platform': 1, u'app_role_id': 0, u'test': 0, u'txn_type': 2, 'event': 'app_point_balance_change', u'currency_amount': u'150.00'},reply={u'nonce': u'SBSYFvG9sMbPivllJ7pEEQ==', u'timestamp': 1546793417152, u'result': 0},retry=0
gop-live-notification_server-data-2019-01-07_00000:IP:10.71.12.155    2019-01-07 00:50:29.385|notification_sub_worker|app_id=100071,url=http://49.50.233.25:8080/v2/garena/notify/event/fo4mth,event_id=249283656,request={'nonce': '2DDC4A9FBAA52DC1E4E7CA6A51F05C', u'txn_id': u'4772128254947513432', u'uid': 144890656, 'timestamp': 1546793429, u'open_id': u'07907b2fe0cd30eb2ee2945238b4a86e', u'point_amount': 15700, u'ip': u'58.10.145.161', u'channel_id': 207000, u'txn_timestamp': 1546793428, u'currency': u'GS', u'channel_name': u'\u0e1a\u0e31\u0e15\u0e23\u0e40\u0e15\u0e34\u0e21\u0e40\u0e07\u0e34\u0e19 Garena (\u0e17\u0e35\u0e48 7-11)', u'app_server_id': 0, u'client_type': 0, u'platform': 1, u'app_role_id': 0, u'test': 0, u'txn_type': 2, 'event': 'app_point_balance_change', u'currency_amount': u'225.00'},reply={u'nonce': u'FJv2VSgPDeCzXg0WNxrNaw==', u'timestamp': 1546793429327, u'result': 0},retry=0
gop-live-notification_server-data-2019-01-07_00000:IP:10.71.12.155    2019-01-07 00:50:35.537|notification_sub_worker|app_id=100071,url=http://49.50.233.25:8080/v2/garena/notify/event/fo4mth,event_id=249283702,request={'nonce': 'FC13CF165B1627AF3D3F191DE1A723', u'txn_id': u'18136140346079383899', u'uid': 438726287, 'timestamp': 1546793435, u'open_id': u'6c3ebf0f62930d5f39f626cd5b36cbd6', u'point_amount': 31500, u'ip': u'223.24.185.203', u'channel_id': 207000, u'txn_timestamp': 1546793434, u'currency': u'GS', u'channel_name': u'\u0e1a\u0e31\u0e15\u0e23\u0e40\u0e15\u0e34\u0e21\u0e40\u0e07\u0e34\u0e19 Garena (\u0e17\u0e35\u0e48 7-11)', u'app_server_id': 0, u'client_type': 0, u'platform': 1, u'app_role_id': 0, u'test': 0, u'txn_type': 2, 'event': 'app_point_balance_change', u'currency_amount': u'450.00'},reply={u'nonce': u'jK712xwOYrIErFrDk4cjvw==', u'timestamp': 1546793435479, u'result': 0},retry=0
gop-live-notification_server-data-2019-01-07_00000:IP:10.71.12.155    2019-01-07 00:51:09.827|notification_sub_worker|app_id=100071,url=http://49.50.233.25:8080/v2/garena/notify/event/fo4mth,event_id=249284039,request={u'rebate_card_id': 0, 'nonce': 'AA6B9400B8DC0F74393F13EB78A835', u'txn_id': u'8035254548620852569', u'uid': 210118265, 'timestamp': 1546793469, u'open_id': u'0ae29ed3f1c35881ed66849215e1fd0c', u'point_amount': 8900, u'ip': u'171.100.223.61', u'channel_id': 201069, u'txn_timestamp': 1546793468, u'currency': u'THB', u'channel_name': u'Google Play', u'app_server_id': 0, u'client_type': 0, u'platform': 1, u'app_role_id': 0, u'test': 0, u'txn_type': 1, 'event': 'app_point_balance_change', u'currency_amount': u'99.00'},reply={u'nonce': u'WgGbL6b+trtw/FTToFTT5g==', u'timestamp': 1546793469770, u'result': 0},retry=0
gop-live-notification_server-data-2019-01-07_00000:IP:10.71.12.155    2019-01-07 00:52:06.232|notification_sub_worker|app_id=100071,url=http://49.50.233.25:8080/v2/garena/notify/event/fo4mth,event_id=249284577,request={u'rebate_card_id': 0, 'nonce': '6BACDD32185309A4F57A09523296B1', u'txn_id': u'8610216706114937060', u'uid': 210118265, 'timestamp': 1546793526, u'open_id': u'0ae29ed3f1c35881ed66849215e1fd0c', u'point_amount': 5900, u'ip': u'171.100.223.61', u'channel_id': 201069, u'txn_timestamp': 1546793525, u'currency': u'THB', u'channel_name': u'Google Play', u'app_server_id': 0, u'client_type': 0, u'platform': 1, u'app_role_id': 0, u'test': 0, u'txn_type': 1, 'event': 'app_point_balance_change', u'currency_amount': u'69.00'},reply={u'nonce': u'dmgIPnMdi5JLgaRIjaXHIQ==', u'timestamp': 1546793526172, u'result': 0},retry=0
gop-live-notification_server-data-2019-01-07_00000:IP:10.71.12.155    2019-01-07 00:54:18.020|notification_sub_worker|app_id=100071,url=http://49.50.233.25:8080/v2/garena/notify/event/fo4mth,event_id=249285739,request={u'rebate_card_id': 0, 'nonce': 'F3F82CEA35C0AB7C7D876A5172C4F8', u'txn_id': u'5790378875958932618', u'uid': 414206538, 'timestamp': 1546793657, u'open_id': u'7716f8690e43fc96140071ed7fe61c1e', u'point_amount': 26900, u'ip': u'182.232.24.12', u'channel_id': 201069, u'txn_timestamp': 1546793657, u'currency': u'THB', u'channel_name': u'Google Play', u'app_server_id': 0, u'client_type': 0, u'platform': 1, u'app_role_id': 0, u'test': 0, u'txn_type': 1, 'event': 'app_point_balance_change', u'currency_amount': u'319.00'},reply={u'nonce': u'tY15TIwln6eyygA15EHUfg==', u'timestamp': 1546793657962, u'result': 0},retry=0
gop-live-notification_server-data-2019-01-07_00000:IP:10.71.12.155    2019-01-07 00:56:05.679|notification_sub_worker|app_id=100071,url=http://49.50.233.25:8080/v2/garena/notify/event/fo4mth,event_id=249286755,request={u'rebate_card_id': 0, 'nonce': '8DD8078CA4B953CC43012D5A6A8FEA', u'txn_id': u'11906038227581702900', u'uid': 305425506, 'timestamp': 1546793765, u'open_id': u'88b99500cb198789be49a0e3ddae1351', u'point_amount': 15700, u'ip': u'183.89.43.75', u'channel_id': 207070, u'txn_timestamp': 1546793765, u'currency': u'GS', u'channel_name': u'\u0e43\u0e0a\u0e49 Shell \u0e43\u0e19\u0e1a\u0e31\u0e0d\u0e0a\u0e35', u'app_server_id': 0, u'client_type': 0, u'platform': 1, u'app_role_id': 0, u'test': 0, u'txn_type': 2, 'event': 'app_point_balance_change', u'currency_amount': u'225.00'},reply={u'nonce': u'EiV5mJAkEpkx5kfyBP0Pmw==', u'timestamp': 1546793765622, u'result': 0},retry=0
gop-live-notification_server-data-2019-01-07_00000:IP:10.71.12.155    2019-01-07 00:59:42.894|notification_sub_worker|app_id=100071,url=http://49.50.233.25:8080/v2/garena/notify/event/fo4mth,event_id=249288680,request={'nonce': 'DA8102C72CBB46B2084889768489FF', u'txn_id': u'8250262255302874154', u'uid': 440147924, 'timestamp': 1546793982, u'open_id': u'433e56b6ac5e351356d2e78b3cd058f7', u'point_amount': 31500, u'ip': u'1.47.97.20', u'channel_id': 207000, u'txn_timestamp': 1546793981, u'currency': u'GS', u'channel_name': u'\u0e1a\u0e31\u0e15\u0e23\u0e40\u0e15\u0e34\u0e21\u0e40\u0e07\u0e34\u0e19 Garena (\u0e17\u0e35\u0e48 7-11)', u'app_server_id': 0, u'client_type': 0, u'platform': 1, u'app_role_id': 0, u'test': 0, u'txn_type': 2, 'event': 'app_point_balance_change', u'currency_amount': u'450.00'},reply={u'nonce': u'49zBqgBrifZ2kGirLOCz0w==', u'timestamp': 1546793982837, u'result': 0},retry=0
gop-live-notification_server-data-2019-01-07_00001:IP:10.71.12.155    2019-01-07 01:02:55.980|notification_sub_worker|app_id=100071,url=http://49.50.233.25:8080/v2/garena/notify/event/fo4mth,event_id=249290401,request={u'rebate_card_id': 0, 'nonce': 'B6A648CEABBE0748B6F4C67C3C68FD', u'txn_id': u'16287203118952079942', u'uid': 390047336, 'timestamp': 1546794175, u'open_id': u'1e690e674901f7627621009bfe04a7b3', u'point_amount': 26900, u'ip': u'110.168.18.105', u'channel_id': 201069, u'txn_timestamp': 1546794175, u'currency': u'THB', u'channel_name': u'Google Play', u'app_server_id': 0, u'client_type': 0, u'platform': 1, u'app_role_id': 0, u'test': 0, u'txn_type': 1, 'event': 'app_point_balance_change', u'currency_amount': u'319.00'},reply={u'nonce': u'gT66dMtk0o5oUG5xV2s/0Q==', u'timestamp': 1546794175923, u'result': 0},retry=0
gop-live-notification_server-data-2019-01-07_00001:IP:10.71.12.155    2019-01-07 01:03:12.185|notification_sub_worker|app_id=100071,url=http://49.50.233.25:8080/v2/garena/notify/event/fo4mth,event_id=249290538,request={u'rebate_card_id': 0, 'nonce': 'A94983F4FEB84B44A3ED1C9F91FDB4', u'txn_id': u'904480496557946785', u'uid': 390047336, 'timestamp': 1546794192, u'open_id': u'1e690e674901f7627621009bfe04a7b3', u'point_amount': 26900, u'ip': u'110.168.18.105', u'channel_id': 201069, u'txn_timestamp': 1546794191, u'currency': u'THB', u'channel_name': u'Google Play', u'app_server_id': 0, u'client_type': 0, u'platform': 1, u'app_role_id': 0, u'test': 0, u'txn_type': 1, 'event': 'app_point_balance_change', u'currency_amount': u'319.00'},reply={u'nonce': u'dDLDUHPOIPzyS4Ut1+7jJg==', u'timestamp': 1546794192127, u'result': 0},retry=0
gop-live-notification_server-data-2019-01-07_00001:IP:10.71.12.155    2019-01-07 01:03:58.659|notification_sub_worker|app_id=100071,url=http://49.50.233.25:8080/v2/garena/notify/event/fo4mth,event_id=249290934,request={u'rebate_card_id': 0, 'nonce': '27299050DA099B9B2898764B2CDB07', u'txn_id': u'3529048887906200008', u'uid': 390047336, 'timestamp': 1546794238, u'open_id': u'1e690e674901f7627621009bfe04a7b3', u'point_amount': 8900, u'ip': u'110.168.18.105', u'channel_id': 201069, u'txn_timestamp': 1546794238, u'currency': u'THB', u'channel_name': u'Google Play', u'app_server_id': 0, u'client_type': 0, u'platform': 1, u'app_role_id': 0, u'test': 0, u'txn_type': 1, 'event': 'app_point_balance_change', u'currency_amount': u'99.00'},reply={u'nonce': u'ooBWvefmRl0sdU4bAS6Azw==', u'timestamp': 1546794238478, u'result': 0},retry=0
gop-live-notification_server-data-2019-01-07_00001:IP:10.71.12.155    2019-01-07 01:04:00.789|notification_sub_worker|app_id=100071,url=http://49.50.233.25:8080/v2/garena/notify/event/fo4mth,event_id=249290953,request={u'rebate_card_id': 0, 'nonce': 'AA027BC2DF3359B2291BF8E4D590D0', u'txn_id': u'6140291504457781172', u'uid': 443431415, 'timestamp': 1546794240, u'open_id': u'dff77b441704d3a743dc59d273e5fdca', u'point_amount': 26900, u'ip': u'1.0.184.71', u'channel_id': 201069, u'txn_timestamp': 1546794240, u'currency': u'THB', u'channel_name': u'Google Play', u'app_server_id': 0, u'client_type': 0, u'platform': 1, u'app_role_id': 0, u'test': 0, u'txn_type': 1, 'event': 'app_point_balance_change', u'currency_amount': u'319.00'},reply={u'nonce': u'EgLkVjB4P4WJhx+A+rULZw==', u'timestamp': 1546794240731, u'result': 0},retry=0
gop-live-notification_server-data-2019-01-07_00001:IP:10.71.12.155    2019-01-07 01:04:27.121|notification_sub_worker|app_id=100071,url=http://49.50.233.25:8080/v2/garena/notify/event/fo4mth,event_id=249291167,request={u'rebate_card_id': 0, 'nonce': 'A4CABA41215FB84C92225C8845ABA7', u'txn_id': u'11837571941606719705', u'uid': 443431415, 'timestamp': 1546794266, u'open_id': u'dff77b441704d3a743dc59d273e5fdca', u'point_amount': 26900, u'ip': u'1.0.184.71', u'channel_id': 201069, u'txn_timestamp': 1546794266, u'currency': u'THB', u'channel_name': u'Google Play', u'app_server_id': 0, u'client_type': 0, u'platform': 1, u'app_role_id': 0, u'test': 0, u'txn_type': 1, 'event': 'app_point_balance_change', u'currency_amount': u'319.00'},reply={u'nonce': u'SGUbEq1LpUK/UmKUaMO6QQ==', u'timestamp': 1546794267064, u'result': 0},retry=0
gop-live-notification_server-data-2019-01-07_00001:IP:10.71.12.155    2019-01-07 01:04:44.329|notification_sub_worker|app_id=100071,url=http://49.50.233.25:8080/v2/garena/notify/event/fo4mth,event_id=249291304,request={u'rebate_card_id': 0, 'nonce': '096BB22C3D99F22DFF4766205BD0D3', u'txn_id': u'634623067968502317', u'uid': 443431415, 'timestamp': 1546794284, u'open_id': u'dff77b441704d3a743dc59d273e5fdca', u'point_amount': 5900, u'ip': u'1.0.184.71', u'channel_id': 201069, u'txn_timestamp': 1546794283, u'currency': u'THB', u'channel_name': u'Google Play', u'app_server_id': 0, u'client_type': 0, u'platform': 1, u'app_role_id': 0, u'test': 0, u'txn_type': 1, 'event': 'app_point_balance_change', u'currency_amount': u'69.00'},reply={u'nonce': u'4cAP6+BUAw/xugoYksluAA==', u'timestamp': 1546794284270, u'result': 0},retry=0
gop-live-notification_server-data-2019-01-07_00001:IP:10.71.12.155    2019-01-07 01:06:47.059|notification_sub_worker|app_id=100071,url=http://49.50.233.25:8080/v2/garena/notify/event/fo4mth,event_id=249292353,request={u'rebate_card_id': 0, 'nonce': '346F2FE247B59AD975C31ED2A489BB', u'txn_id': u'3602401649163548527', u'uid': 235033190, 'timestamp': 1546794406, u'open_id': u'237430886548f8504e83035cfdb9f0b5', u'point_amount': 15700, u'ip': u'223.205.249.188', u'channel_id': 207070, u'txn_timestamp': 1546794406, u'currency': u'GS', u'channel_name': u'\u0e43\u0e0a\u0e49 Shell \u0e43\u0e19\u0e1a\u0e31\u0e0d\u0e0a\u0e35', u'app_server_id': 0, u'client_type': 0, u'platform': 1, u'app_role_id': 0, u'test': 0, u'txn_type': 2, 'event': 'app_point_balance_change', u'currency_amount': u'225.00'},reply={u'nonce': u'dozZJGR2lE477JMJv11c8Q==', u'timestamp': 1546794407002, u'result': 0},retry=0
gop-live-notification_server-data-2019-01-07_00001:IP:10.71.12.155    2019-01-07 01:06:58.236|notification_sub_worker|app_id=100071,url=http://49.50.233.25:8080/v2/garena/notify/event/fo4mth,event_id=249292431,request={u'rebate_card_id': 0, 'nonce': 'C178BA15A4599C90CBB47248BECDF6', u'txn_id': u'13195476560306034568', u'uid': 235033190, 'timestamp': 1546794418, u'open_id': u'237430886548f8504e83035cfdb9f0b5', u'point_amount': 5000, u'ip': u'223.205.249.188', u'channel_id': 207070, u'txn_timestamp': 1546794417, u'currency': u'GS', u'channel_name': u'\u0e43\u0e0a\u0e49 Shell \u0e43\u0e19\u0e1a\u0e31\u0e0d\u0e0a\u0e35', u'app_server_id': 0, u'client_type': 0, u'platform': 1, u'app_role_id': 0, u'test': 0, u'txn_type': 2, 'event': 'app_point_balance_change', u'currency_amount': u'75.00'},reply={u'nonce': u'4tMx4Qx87/9+KOqQv50Chg==', u'timestamp': 1546794418178, u'result': 0},retry=0
gop-live-notification_server-data-2019-01-07_00001:IP:10.71.12.155    2019-01-07 01:07:57.726|notification_sub_worker|app_id=100071,url=http://49.50.233.25:8080/v2/garena/notify/event/fo4mth,event_id=249292972,request={u'rebate_card_id': 0, 'nonce': '2C89B2D1EBDFF4ED7DFBCA49E4BAC3', u'txn_id': u'4778419830207027950', u'uid': 186155660, 'timestamp': 1546794477, u'open_id': u'a0dfb35ad0954b5773d15f5f22bd9e46', u'point_amount': 31500, u'ip': u'124.120.141.4', u'channel_id': 207074, u'txn_timestamp': 1546794476, u'currency': u'THB', u'channel_name': u'AirPay - \u0e42\u0e1a\u0e19\u0e31\u0e2a 10% \u0e41\u0e25\u0e30 \u0e04\u0e37\u0e19\u0e40\u0e07\u0e34\u0e19\u0e1c\u0e48\u0e32\u0e19\u0e41\u0e2d\u0e1b\u0e2f 5%', u'app_server_id': 0, u'client_type': 0, u'platform': 1, u'app_role_id': 0, u'test': 0, u'txn_type': 2, 'event': 'app_point_balance_change', u'currency_amount': u'300.00'},reply={u'nonce': u'2GoHXTfvScT5IfYiAojl+A==', u'timestamp': 1546794477595, u'result': 0},retry=0
gop-live-notification_server-data-2019-01-07_00001:IP:10.71.12.155    2019-01-07 01:08:04.880|notification_sub_worker|app_id=100071,url=http://49.50.233.25:8080/v2/garena/notify/event/fo4mth,event_id=249293026,request={u'rebate_card_id': 0, 'nonce': '0A429D005C06B79DB4949026A374A5', u'txn_id': u'6569272106829287910', u'uid': 157013163, 'timestamp': 1546794484, u'open_id': u'1420576eb0c007214b552ac4797703c9', u'point_amount': 26900, u'ip': u'184.22.112.203', u'channel_id': 201068, u'txn_timestamp': 1546794483, u'currency': u'THB', u'channel_name': u'Apple Store', u'app_server_id': 0, u'client_type': 0, u'platform': 1, u'app_role_id': 0, u'test': 0, u'txn_type': 1, 'event': 'app_point_balance_change', u'currency_amount': u'319.00'},reply={u'nonce': u'czCjtas/HtbkseOWBeoqCQ==', u'timestamp': 1546794484823, u'result': 0},retry=0
gop-live-notification_server-data-2019-01-07_00001:IP:10.71.12.155    2019-01-07 01:08:49.314|notification_sub_worker|app_id=100071,url=http://49.50.233.25:8080/v2/garena/notify/event/fo4mth,event_id=249293439,request={u'rebate_card_id': 0, 'nonce': '686C282D38F046DBCB0D64CC4B7A14', u'txn_id': u'10282358786038130679', u'uid': 157013163, 'timestamp': 1546794529, u'open_id': u'1420576eb0c007214b552ac4797703c9', u'point_amount': 26900, u'ip': u'184.22.112.203', u'channel_id': 201068, u'txn_timestamp': 1546794528, u'currency': u'THB', u'channel_name': u'Apple Store', u'app_server_id': 0, u'client_type': 0, u'platform': 1, u'app_role_id': 0, u'test': 0, u'txn_type': 1, 'event': 'app_point_balance_change', u'currency_amount': u'319.00'},reply={u'nonce': u'08AIMSajgqAjdxlL9lKkBg==', u'timestamp': 1546794529167, u'result': 0},retry=0
gop-live-notification_server-data-2019-01-07_00001:IP:10.71.12.155    2019-01-07 01:26:26.742|notification_sub_worker|app_id=100071,url=http://49.50.233.25:8080/v2/garena/notify/event/fo4mth,event_id=249302796,request={u'rebate_card_id': 0, 'nonce': '1B9917FB7BC51ECDF3A497ACD22623', u'txn_id': u'4617462539439325365', u'uid': 445875679, 'timestamp': 1546795586, u'open_id': u'80001bab9591001a630c688262652298', u'point_amount': 2900, u'ip': u'182.232.131.248', u'channel_id': 201069, u'txn_timestamp': 1546795586, u'currency': u'THB', u'channel_name': u'Google Play', u'app_server_id': 0, u'client_type': 0, u'platform': 1, u'app_role_id': 0, u'test': 0, u'txn_type': 1, 'event': 'app_point_balance_change', u'currency_amount': u'35.00'},reply={u'nonce': u'qXkT9Zax+rJ9QccfHgJ2ew==', u'timestamp': 1546795586688, u'result': 0},retry=0
gop-live-notification_server-data-2019-01-07_00001:IP:10.71.12.155    2019-01-07 01:27:52.284|notification_sub_worker|app_id=100071,url=http://49.50.233.25:8080/v2/garena/notify/event/fo4mth,event_id=249303543,request={u'rebate_card_id': 0, 'nonce': '961D187984F86A3AD9F3FB87368AB7', u'txn_id': u'2994345809240442273', u'uid': 85552349, 'timestamp': 1546795672, u'open_id': u'0f26a444b21f6dae8e5c3c91651ae1db', u'point_amount': 31500, u'ip': u'180.183.198.43', u'channel_id': 207070, u'txn_timestamp': 1546795671, u'currency': u'GS', u'channel_name': u'\u0e43\u0e0a\u0e49 Shell \u0e43\u0e19\u0e1a\u0e31\u0e0d\u0e0a\u0e35', u'app_server_id': 0, u'client_type': 0, u'platform': 1, u'app_role_id': 0, u'test': 0, u'txn_type': 2, 'event': 'app_point_balance_change', u'currency_amount': u'450.00'},reply={u'nonce': u'YM9DOB6mqVbPxSJ7XyvArA==', u'timestamp': 1546795672230, u'result': 0},retry=0
gop-live-notification_server-data-2019-01-07_00001:IP:10.71.12.155    2019-01-07 01:28:22.554|notification_sub_worker|app_id=100071,url=http://49.50.233.25:8080/v2/garena/notify/event/fo4mth,event_id=249303823,request={u'rebate_card_id': 0, 'nonce': '45B9C50D0F796A73F03CE54A5B30C9', u'txn_id': u'10880327645558784291', u'uid': 445875679, 'timestamp': 1546795702, u'open_id': u'80001bab9591001a630c688262652298', u'point_amount': 2900, u'ip': u'182.232.131.248', u'channel_id': 201069, u'txn_timestamp': 1546795701, u'currency': u'THB', u'channel_name': u'Google Play', u'app_server_id': 0, u'client_type': 0, u'platform': 1, u'app_role_id': 0, u'test': 0, u'txn_type': 1, 'event': 'app_point_balance_change', u'currency_amount': u'35.00'},reply={u'nonce': u'jWDIC4B5spvy3IF7AE5eKQ==', u'timestamp': 1546795702500, u'result': 0},retry=0
gop-live-notification_server-data-2019-01-07_00001:IP:10.71.12.155    2019-01-07 01:30:39.355|notification_sub_worker|app_id=100071,url=http://49.50.233.25:8080/v2/garena/notify/event/fo4mth,event_id=249304982,request={u'rebate_card_id': 0, 'nonce': '756AABCD8A51611D6623F67C47279C', u'txn_id': u'12765173325062178495', u'uid': 110661373, 'timestamp': 1546795839, u'open_id': u'2fcb9e97c4719972d7c578f885fd68c1', u'point_amount': 26900, u'ip': u'27.55.94.31', u'channel_id': 201069, u'txn_timestamp': 1546795839, u'currency': u'THB', u'channel_name': u'Google Play', u'app_server_id': 0, u'client_type': 0, u'platform': 1, u'app_role_id': 0, u'test': 0, u'txn_type': 1, 'event': 'app_point_balance_change', u'currency_amount': u'319.00'},reply={u'nonce': u'rmqoBYd30LK7kBYk/yANKg==', u'timestamp': 1546795839300, u'result': 0},retry=0
gop-live-notification_server-data-2019-01-07_00001:IP:10.71.12.155    2019-01-07 01:33:09.232|notification_sub_worker|app_id=100071,url=http://49.50.233.25:8080/v2/garena/notify/event/fo4mth,event_id=249306266,request={'nonce': 'C1710B3A4E3CCCCEB2D1354C80BC37', u'txn_id': u'3672686131205251787', u'uid': 347644392, 'timestamp': 1546795989, u'open_id': u'4f84c519c6519179333519190f04f349', u'point_amount': 31500, u'ip': u'1.46.99.75', u'channel_id': 207034, u'txn_timestamp': 1546795989, u'currency': u'THB', u'channel_name': u'True Money', u'app_server_id': 0, u'client_type': 0, u'platform': 1, u'app_role_id': 0, u'test': 0, u'txn_type': 2, 'event': 'app_point_balance_change', u'currency_amount': u'300.00'},reply={u'nonce': u'w3FjdavmgtkwF2gsrhr9xg==', u'timestamp': 1546795989177, u'result': 0},retry=0
gop-live-notification_server-data-2019-01-07_00001:IP:10.71.12.155    2019-01-07 01:34:31.761|notification_sub_worker|app_id=100071,url=http://49.50.233.25:8080/v2/garena/notify/event/fo4mth,event_id=249306917,request={'nonce': '489E2B569457E515E91F0EAA87E1A5', u'txn_id': u'5928893043245614747', u'uid': 332803738, 'timestamp': 1546796071, u'open_id': u'b4be14f8357df4d2f86ef88d60ad81a6', u'point_amount': 9000, u'ip': u'124.121.197.244', u'channel_id': 207034, u'txn_timestamp': 1546796070, u'currency': u'THB', u'channel_name': u'True Money', u'app_server_id': 0, u'client_type': 0, u'platform': 1, u'app_role_id': 0, u'test': 0, u'txn_type': 2, 'event': 'app_point_balance_change', u'currency_amount': u'90.00'},reply={u'nonce': u'WuJaKYB7cZuxwsBDadI1mA==', u'timestamp': 1546796071705, u'result': 0},retry=0
gop-live-notification_server-data-2019-01-07_00001:IP:10.71.12.155    2019-01-07 01:34:35.901|notification_sub_worker|app_id=100071,url=http://49.50.233.25:8080/v2/garena/notify/event/fo4mth,event_id=249306950,request={'nonce': 'F0CB7AD7866951244682A5C8144AAA', u'txn_id': u'1557418460149206533', u'uid': 347644392, 'timestamp': 1546796075, u'open_id': u'4f84c519c6519179333519190f04f349', u'point_amount': 5000, u'ip': u'1.46.99.75', u'channel_id': 207034, u'txn_timestamp': 1546796075, u'currency': u'THB', u'channel_name': u'True Money', u'app_server_id': 0, u'client_type': 0, u'platform': 1, u'app_role_id': 0, u'test': 0, u'txn_type': 2, 'event': 'app_point_balance_change', u'currency_amount': u'50.00'},reply={u'nonce': u'KpoM4ieoktI+adE59qyf9w==', u'timestamp': 1546796075847, u'result': 0},retry=0
gop-live-notification_server-data-2019-01-07_00001:IP:10.71.12.155    2019-01-07 01:35:33.306|notification_sub_worker|app_id=100071,url=http://49.50.233.25:8080/v2/garena/notify/event/fo4mth,event_id=249307421,request={'nonce': 'D5506DB487D92B8E4F55906DE1ACC5', u'txn_id': u'1243563277255464040', u'uid': 347644392, 'timestamp': 1546796133, u'open_id': u'4f84c519c6519179333519190f04f349', u'point_amount': 5000, u'ip': u'1.46.99.75', u'channel_id': 207034, u'txn_timestamp': 1546796132, u'currency': u'THB', u'channel_name': u'True Money', u'app_server_id': 0, u'client_type': 0, u'platform': 1, u'app_role_id': 0, u'test': 0, u'txn_type': 2, 'event': 'app_point_balance_change', u'currency_amount': u'50.00'},reply={u'nonce': u'muK66YewY+C4navVAKWz4g==', u'timestamp': 1546796133249, u'result': 0},retry=0
gop-live-notification_server-data-2019-01-07_00001:IP:10.71.12.155    2019-01-07 01:40:59.068|notification_sub_worker|app_id=100071,url=http://49.50.233.25:8080/v2/garena/notify/event/fo4mth,event_id=249310120,request={u'rebate_card_id': 0, 'nonce': 'A9F88C798E2F85F04C8B34DED7D51B', u'txn_id': u'4810583200802387751', u'uid': 437963105, 'timestamp': 1546796458, u'open_id': u'594a4488eb62ab74d808475cca4f21b4', u'point_amount': 26900, u'ip': u'182.232.132.142', u'channel_id': 201069, u'txn_timestamp': 1546796458, u'currency': u'THB', u'channel_name': u'Google Play', u'app_server_id': 0, u'client_type': 0, u'platform': 1, u'app_role_id': 0, u'test': 0, u'txn_type': 1, 'event': 'app_point_balance_change', u'currency_amount': u'319.00'},reply={u'nonce': u'HOK+2W/inLeJZCyRccV71g==', u'timestamp': 1546796459015, u'result': 0},retry=0
gop-live-notification_server-data-2019-01-07_00001:IP:10.71.12.155    2019-01-07 01:41:18.284|notification_sub_worker|app_id=100071,url=http://49.50.233.25:8080/v2/garena/notify/event/fo4mth,event_id=249310274,request={'nonce': '24F6F48C9CF19498DFA5663B3AD6A7', u'txn_id': u'11159400320166176076', u'uid': 332803738, 'timestamp': 1546796478, u'open_id': u'b4be14f8357df4d2f86ef88d60ad81a6', u'point_amount': 9000, u'ip': u'124.121.197.244', u'channel_id': 207034, u'txn_timestamp': 1546796477, u'currency': u'THB', u'channel_name': u'True Money', u'app_server_id': 0, u'client_type': 0, u'platform': 1, u'app_role_id': 0, u'test': 0, u'txn_type': 2, 'event': 'app_point_balance_change', u'currency_amount': u'90.00'},reply={u'nonce': u'm9YSPSWqZBCaGjwdYYL1SA==', u'timestamp': 1546796478231, u'result': 0},retry=0
gop-live-notification_server-data-2019-01-07_00001:IP:10.71.12.155    2019-01-07 01:41:24.432|notification_sub_worker|app_id=100071,url=http://49.50.233.25:8080/v2/garena/notify/event/fo4mth,event_id=249310328,request={u'rebate_card_id': 0, 'nonce': '8BB8A97944B9D3F39592E6F6A79679', u'txn_id': u'2305918951273085018', u'uid': 437963105, 'timestamp': 1546796484, u'open_id': u'594a4488eb62ab74d808475cca4f21b4', u'point_amount': 2900, u'ip': u'182.232.132.142', u'channel_id': 201069, u'txn_timestamp': 1546796484, u'currency': u'THB', u'channel_name': u'Google Play', u'app_server_id': 0, u'client_type': 0, u'platform': 1, u'app_role_id': 0, u'test': 0, u'txn_type': 1, 'event': 'app_point_balance_change', u'currency_amount': u'35.00'},reply={u'nonce': u'eBXk+0RIQ+Qvz6K6Y+YPDQ==', u'timestamp': 1546796484379, u'result': 0},retry=0
gop-live-notification_server-data-2019-01-07_00001:IP:10.71.12.155    2019-01-07 01:42:02.741|notification_sub_worker|app_id=100071,url=http://49.50.233.25:8080/v2/garena/notify/event/fo4mth,event_id=249310663,request={u'rebate_card_id': 0, 'nonce': '756802E642B8EECA458CF83A91288C', u'txn_id': u'16897507103108813393', u'uid': 122890086, 'timestamp': 1546796522, u'open_id': u'1d7f9df0db9348444aab1df3bb5f0f2c', u'point_amount': 259900, u'ip': u'24.205.216.225', u'channel_id': 201069, u'txn_timestamp': 1546796521, u'currency': u'THB', u'channel_name': u'Google Play', u'app_server_id': 0, u'client_type': 0, u'platform': 1, u'app_role_id': 0, u'test': 0, u'txn_type': 1, 'event': 'app_point_balance_change', u'currency_amount': u'3000.00'},reply={u'nonce': u'L341U2A9M/x4+E+IwVO+Mw==', u'timestamp': 1546796522689, u'result': 0},retry=0
gop-live-notification_server-data-2019-01-07_00001:IP:10.71.12.155    2019-01-07 01:42:44.065|notification_sub_worker|app_id=100071,url=http://49.50.233.25:8080/v2/garena/notify/event/fo4mth,event_id=249310962,request={u'rebate_card_id': 0, 'nonce': '8B4F51BB48ED52808E7242DBBDD9AD', u'txn_id': u'9851650929474427263', u'uid': 246914977, 'timestamp': 1546796563, u'open_id': u'dc85628d9a185118e42540e76eea5c0f', u'point_amount': 26900, u'ip': u'183.88.169.143', u'channel_id': 201069, u'txn_timestamp': 1546796563, u'currency': u'THB', u'channel_name': u'Google Play', u'app_server_id': 0, u'client_type': 0, u'platform': 1, u'app_role_id': 0, u'test': 0, u'txn_type': 1, 'event': 'app_point_balance_change', u'currency_amount': u'319.00'},reply={u'nonce': u'wz9WBUT+x9Zcjpegh1t0cg==', u'timestamp': 1546796564009, u'result': 0},retry=0
gop-live-notification_server-data-2019-01-07_00001:IP:10.71.12.155    2019-01-07 01:43:05.293|notification_sub_worker|app_id=100071,url=http://49.50.233.25:8080/v2/garena/notify/event/fo4mth,event_id=249311144,request={u'rebate_card_id': 0, 'nonce': 'C8620A9EA2FB594417CD731E787F3D', u'txn_id': u'17626485083960851731', u'uid': 246914977, 'timestamp': 1546796585, u'open_id': u'dc85628d9a185118e42540e76eea5c0f', u'point_amount': 2900, u'ip': u'183.88.169.143', u'channel_id': 201069, u'txn_timestamp': 1546796584, u'currency': u'THB', u'channel_name': u'Google Play', u'app_server_id': 0, u'client_type': 0, u'platform': 1, u'app_role_id': 0, u'test': 0, u'txn_type': 1, 'event': 'app_point_balance_change', u'currency_amount': u'35.00'},reply={u'nonce': u'9OrByJmL4BoMl+EYDIX11Q==', u'timestamp': 1546796585239, u'result': 0},retry=0
gop-live-notification_server-data-2019-01-07_00001:IP:10.71.12.155    2019-01-07 01:44:31.845|notification_sub_worker|app_id=100071,url=http://49.50.233.25:8080/v2/garena/notify/event/fo4mth,event_id=249311859,request={u'rebate_card_id': 0, 'nonce': '19BDD48AF5973D2F0BBADE743DB4E2', u'txn_id': u'11411130681922066644', u'uid': 246914977, 'timestamp': 1546796671, u'open_id': u'dc85628d9a185118e42540e76eea5c0f', u'point_amount': 5900, u'ip': u'183.88.169.143', u'channel_id': 201069, u'txn_timestamp': 1546796671, u'currency': u'THB', u'channel_name': u'Google Play', u'app_server_id': 0, u'client_type': 0, u'platform': 1, u'app_role_id': 0, u'test': 0, u'txn_type': 1, 'event': 'app_point_balance_change', u'currency_amount': u'69.00'},reply={u'nonce': u'aGrxaNf/lrBMR07jcJ2vgQ==', u'timestamp': 1546796671794, u'result': 0},retry=0
gop-live-notification_server-data-2019-01-07_00001:IP:10.71.12.155    2019-01-07 01:49:47.558|notification_sub_worker|app_id=100071,url=http://49.50.233.25:8080/v2/garena/notify/event/fo4mth,event_id=249314536,request={'nonce': 'FABA3DD6561BC6EF165A8A4B520370', u'txn_id': u'1812435391173448504', u'uid': 442215625, 'timestamp': 1546796987, u'open_id': u'5046850ab22ecbffb2a8eda695a96b3a', u'point_amount': 15700, u'ip': u'1.46.227.187', u'channel_id': 207000, u'txn_timestamp': 1546796986, u'currency': u'GS', u'channel_name': u'\u0e1a\u0e31\u0e15\u0e23\u0e40\u0e15\u0e34\u0e21\u0e40\u0e07\u0e34\u0e19 Garena (\u0e17\u0e35\u0e48 7-11)', u'app_server_id': 0, u'client_type': 0, u'platform': 1, u'app_role_id': 0, u'test': 0, u'txn_type': 2, 'event': 'app_point_balance_change', u'currency_amount': u'225.00'},reply={u'nonce': u'qcSPpUHxuV9/8kHaPc4snQ==', u'timestamp': 1546796987506, u'result': 0},retry=0
gop-live-notification_server-data-2019-01-07_00002:IP:10.71.12.155    2019-01-07 02:08:50.300|notification_sub_worker|app_id=100071,url=http://49.50.233.25:8080/v2/garena/notify/event/fo4mth,event_id=249323618,request={u'rebate_card_id': 0, 'nonce': '1C71E893719A80D8CE24613449F651', u'txn_id': u'16411101613535399076', u'uid': 106464378, 'timestamp': 1546798130, u'open_id': u'681e4a5a2a5f2978fee40f4e91c094c3', u'point_amount': 8900, u'ip': u'49.229.90.183', u'channel_id': 201069, u'txn_timestamp': 1546798130, u'currency': u'THB', u'channel_name': u'Google Play', u'app_server_id': 0, u'client_type': 0, u'platform': 1, u'app_role_id': 0, u'test': 0, u'txn_type': 1, 'event': 'app_point_balance_change', u'currency_amount': u'99.00'},reply={u'nonce': u'cEF8ZM7F/OHCkVg76zQ9Ig==', u'timestamp': 1546798130251, u'result': 0},retry=0
gop-live-notification_server-data-2019-01-07_00002:IP:10.71.12.155    2019-01-07 02:09:07.512|notification_sub_worker|app_id=100071,url=http://49.50.233.25:8080/v2/garena/notify/event/fo4mth,event_id=249323740,request={u'rebate_card_id': 0, 'nonce': 'E18E7CA6BF7CACE6CFCA76696BBDE6', u'txn_id': u'285596354340232810', u'uid': 106464378, 'timestamp': 1546798147, u'open_id': u'681e4a5a2a5f2978fee40f4e91c094c3', u'point_amount': 8900, u'ip': u'49.229.90.183', u'channel_id': 201069, u'txn_timestamp': 1546798146, u'currency': u'THB', u'channel_name': u'Google Play', u'app_server_id': 0, u'client_type': 0, u'platform': 1, u'app_role_id': 0, u'test': 0, u'txn_type': 1, 'event': 'app_point_balance_change', u'currency_amount': u'99.00'},reply={u'nonce': u'MkM0sDRhlCbA908QKCQ8pA==', u'timestamp': 1546798147461, u'result': 0},retry=0
gop-live-notification_server-data-2019-01-07_00002:IP:10.71.12.155    2019-01-07 02:10:36.056|notification_sub_worker|app_id=100071,url=http://49.50.233.25:8080/v2/garena/notify/event/fo4mth,event_id=249324451,request={u'rebate_card_id': 0, 'nonce': '96C1720BBE3B8798CC8F6A3DD02C61', u'txn_id': u'10716736516085314467', u'uid': 145925244, 'timestamp': 1546798235, u'open_id': u'f217d8840dc79a3cf4604d7e7a3bd526', u'point_amount': 8900, u'ip': u'49.230.121.84', u'channel_id': 201069, u'txn_timestamp': 1546798235, u'currency': u'THB', u'channel_name': u'Google Play', u'app_server_id': 0, u'client_type': 0, u'platform': 1, u'app_role_id': 0, u'test': 0, u'txn_type': 1, 'event': 'app_point_balance_change', u'currency_amount': u'99.00'},reply={u'nonce': u'WtipN8D1A4vl4K5j5sxi3g==', u'timestamp': 1546798236003, u'result': 0},retry=0
gop-live-notification_server-data-2019-01-07_00002:IP:10.71.12.155    2019-01-07 02:11:12.349|notification_sub_worker|app_id=100071,url=http://49.50.233.25:8080/v2/garena/notify/event/fo4mth,event_id=249324741,request={u'rebate_card_id': 0, 'nonce': '20B78274AA34470DED0FD190E44E67', u'txn_id': u'9142721907319773693', u'uid': 145925244, 'timestamp': 1546798272, u'open_id': u'f217d8840dc79a3cf4604d7e7a3bd526', u'point_amount': 8900, u'ip': u'49.230.121.84', u'channel_id': 201069, u'txn_timestamp': 1546798271, u'currency': u'THB', u'channel_name': u'Google Play', u'app_server_id': 0, u'client_type': 0, u'platform': 1, u'app_role_id': 0, u'test': 0, u'txn_type': 1, 'event': 'app_point_balance_change', u'currency_amount': u'99.00'},reply={u'nonce': u'oZvdknu9ONVYW1cGzKPSKg==', u'timestamp': 1546798272292, u'result': 0},retry=0
gop-live-notification_server-data-2019-01-07_00002:IP:10.71.12.155    2019-01-07 02:11:28.547|notification_sub_worker|app_id=100071,url=http://49.50.233.25:8080/v2/garena/notify/event/fo4mth,event_id=249324866,request={'nonce': 'F5239B599309037A3E1B357DDB5347', u'txn_id': u'15260798557965489003', u'uid': 226501381, 'timestamp': 1546798288, u'open_id': u'4df99de227d1e9b32ba834d1d7e1bacc', u'point_amount': 5000, u'ip': u'223.24.190.151', u'channel_id': 207000, u'txn_timestamp': 1546798287, u'currency': u'GS', u'channel_name': u'\u0e1a\u0e31\u0e15\u0e23\u0e40\u0e15\u0e34\u0e21\u0e40\u0e07\u0e34\u0e19 Garena (\u0e17\u0e35\u0e48 7-11)', u'app_server_id': 0, u'client_type': 0, u'platform': 1, u'app_role_id': 0, u'test': 0, u'txn_type': 2, 'event': 'app_point_balance_change', u'currency_amount': u'75.00'},reply={u'nonce': u'jos9GUz41aD2BTnUVT0LjQ==', u'timestamp': 1546798288497, u'result': 0},retry=0
gop-live-notification_server-data-2019-01-07_00002:IP:10.71.12.155    2019-01-07 02:15:27.897|notification_sub_worker|app_id=100071,url=http://49.50.233.25:8080/v2/garena/notify/event/fo4mth,event_id=249326586,request={u'rebate_card_id': 0, 'nonce': '01DC5E5DC5F3AFF3279DDEF2D40355', u'txn_id': u'11040111522843184174', u'uid': 122890086, 'timestamp': 1546798527, u'open_id': u'1d7f9df0db9348444aab1df3bb5f0f2c', u'point_amount': 87900, u'ip': u'24.205.216.225', u'channel_id': 201069, u'txn_timestamp': 1546798527, u'currency': u'THB', u'channel_name': u'Google Play', u'app_server_id': 0, u'client_type': 0, u'platform': 1, u'app_role_id': 0, u'test': 0, u'txn_type': 1, 'event': 'app_point_balance_change', u'currency_amount': u'1000.00'},reply={u'nonce': u'rl4uIBZJfQ9wYRgxpz7XEQ==', u'timestamp': 1546798527838, u'result': 0},retry=0
gop-live-notification_server-data-2019-01-07_00002:IP:10.71.12.155    2019-01-07 02:16:31.314|notification_sub_worker|app_id=100071,url=http://49.50.233.25:8080/v2/garena/notify/event/fo4mth,event_id=249327056,request={'nonce': '4255B6231CACBDA5699F88E134CF79', u'txn_id': u'11242894116111843621', u'uid': 442215625, 'timestamp': 1546798591, u'open_id': u'5046850ab22ecbffb2a8eda695a96b3a', u'point_amount': 5000, u'ip': u'183.89.116.48', u'channel_id': 207000, u'txn_timestamp': 1546798590, u'currency': u'GS', u'channel_name': u'\u0e1a\u0e31\u0e15\u0e23\u0e40\u0e15\u0e34\u0e21\u0e40\u0e07\u0e34\u0e19 Garena (\u0e17\u0e35\u0e48 7-11)', u'app_server_id': 0, u'client_type': 0, u'platform': 1, u'app_role_id': 0, u'test': 0, u'txn_type': 2, 'event': 'app_point_balance_change', u'currency_amount': u'75.00'},reply={u'nonce': u'9hDcu/DXbs56FVQflyRZ5A==', u'timestamp': 1546798591262, u'result': 0},retry=0
gop-live-notification_server-data-2019-01-07_00002:IP:10.71.12.155    2019-01-07 02:18:47.178|notification_sub_worker|app_id=100071,url=http://49.50.233.25:8080/v2/garena/notify/event/fo4mth,event_id=249328015,request={u'rebate_card_id': 0, 'nonce': '4861CA5E481077DDEC0F43C6131E51', u'txn_id': u'12234761035849925961', u'uid': 122890086, 'timestamp': 1546798726, u'open_id': u'1d7f9df0db9348444aab1df3bb5f0f2c', u'point_amount': 26900, u'ip': u'24.205.216.225', u'channel_id': 201069, u'txn_timestamp': 1546798726, u'currency': u'THB', u'channel_name': u'Google Play', u'app_server_id': 0, u'client_type': 0, u'platform': 1, u'app_role_id': 0, u'test': 0, u'txn_type': 1, 'event': 'app_point_balance_change', u'currency_amount': u'319.00'},reply={u'nonce': u'l1U9kLan6j/X7a/DmSPmeQ==', u'timestamp': 1546798727130, u'result': 0},retry=0
gop-live-notification_server-data-2019-01-07_00002:IP:10.71.12.155    2019-01-07 02:38:08.950|notification_sub_worker|app_id=100071,url=http://49.50.233.25:8080/v2/garena/notify/event/fo4mth,event_id=249336727,request={u'rebate_card_id': 0, 'nonce': '5DFA29153859FDF54E76C4A812CDB2', u'txn_id': u'7725793570450600157', u'uid': 206909044, 'timestamp': 1546799888, u'open_id': u'c6b14dd1deecc84c3e61311c615112b7', u'point_amount': 107000, u'ip': u'125.24.179.210', u'channel_id': 207074, u'txn_timestamp': 1546799888, u'currency': u'THB', u'channel_name': u'AirPay - \u0e42\u0e1a\u0e19\u0e31\u0e2a 10% \u0e41\u0e25\u0e30 \u0e04\u0e37\u0e19\u0e40\u0e07\u0e34\u0e19\u0e1c\u0e48\u0e32\u0e19\u0e41\u0e2d\u0e1b\u0e2f 5%', u'app_server_id': 0, u'client_type': 0, u'platform': 1, u'app_role_id': 0, u'test': 0, u'txn_type': 2, 'event': 'app_point_balance_change', u'currency_amount': u'1000.00'},reply={u'nonce': u'jyxLaJRdKSKFx9l4pLAD8w==', u'timestamp': 1546799888904, u'result': 0},retry=0
